"reference.position","gene","residue.position","n.individuals","n.nonsynonymous","n.consensus","OXFD","BSNH","PHWC","GLAS","CAMB","Major/minor.nucleotide","Major/minor.aa"
25336,"S",1258,683,682,0,0,1,682,0,0,"A/cg","E/DE"
25324,"S",1254,683,682,0,1,0,682,0,0,"C/at","C/*C"
25337,"S",1259,655,655,0,0,0,655,0,0,"G/c","D/H"
25277,"S",1239,641,641,0,0,1,640,0,0,"A/t","S/C"
25334,"S",1258,627,627,0,0,0,627,0,0,"G/c","E/Q"
25323,"S",1254,580,580,0,1,2,577,0,0,"G/ca","C/SY"
25247,"S",1229,470,470,0,0,0,470,0,0,"A/t","M/L"
25225,"S",1221,454,0,0,0,0,454,0,0,"A/c","I/I"
25327,"S",1255,434,434,0,0,0,434,0,0,"A/t","K/N"
25316,"S",1252,433,433,0,0,1,432,0,0,"T/cg","S/PA"
15168,"ORF1ab",4968,424,0,0,0,0,84,340,0,"G/a","*/*"
15157,"ORF1ab",4964,404,0,0,0,0,79,325,0,"C/a","I/I"
25216,"S",1218,385,0,0,1,0,372,0,12,"A/tcg","L/L"
25252,"S",1230,321,0,0,0,1,320,0,0,"G/cta","V/V"
25331,"S",1257,295,295,0,2,1,292,0,0,"G/ta","D/YN"
25254,"S",1231,291,291,0,0,0,291,0,0,"C/a","T/K"
25273,"S",1237,233,233,0,0,0,233,0,0,"G/c","M/I"
25308,"S",1249,221,221,0,0,0,221,0,0,"C/gt","S/CF"
29039,"N",256,193,193,0,0,0,190,3,0,"A/t","K/*"
15139,"ORF1ab",4958,180,180,0,0,1,0,179,0,"A/cg","*/CW"
15150,"ORF1ab",4962,175,175,0,0,0,0,175,0,"G/t","S/I"
24156,"S",865,99,99,2,50,49,0,0,0,"TC/ctga","LP/PLRH"
29187,"N",305,96,96,0,0,0,87,9,0,"C/t","A/V"
15141,"ORF1ab",4959,95,95,0,0,0,1,94,0,"C/at","P/QL"
25314,"S",1251,94,94,0,0,0,94,0,0,"G/t","G/V"
29188,"N",305,92,0,0,0,0,83,9,0,"A/gc","A/A"
22565,"S",335,81,81,1,15,66,0,0,0,"TG/gt","LV/VL"
26524,"M",1,79,79,0,28,51,0,0,0,"T/acg","M/KTR"
23434,"S",624,58,0,0,18,40,0,0,0,"T/ca","I/I"
8168,"ORF1ab",2635,39,39,1,26,13,0,0,0,"TC/cagt","SP/PTAS"
635,"ORF1ab",124,39,39,0,2,3,29,5,0,"C/t","R/C"
11083,"ORF1ab",3606,37,37,6,2,3,21,11,0,"GT/tg","LF/FL"
28253,"ORF8",120,36,0,1,0,0,30,6,0,"CT/tc","F/F"
12842,"ORF1ab",4193,36,36,0,20,16,0,0,0,"T/cag","W/RG"
25674,"ORF3a",94,35,0,1,0,0,0,35,0,"TA/at","L/L"
25202,"S",1214,34,34,0,0,0,0,0,34,"T/g","W/G"
15167,"ORF1ab",4968,34,34,0,0,0,0,34,0,"T/g","*/G"
13824,"ORF1ab",4520,34,34,0,0,0,0,0,34,"C/a","S/Y"
25214,"S",1218,33,33,0,0,0,0,0,33,"C/a","L/I"
25201,"S",1213,33,0,0,0,1,0,0,32,"A/ct","P/P"
26761,"M",80,32,32,0,0,0,0,0,32,"T/g","I/S"
26137,"ORF3a",249,31,31,0,0,0,0,0,31,"A/c","I/L"
20668,"ORF1ab",6801,31,31,0,0,0,0,0,31,"G/t","K/N"
25244,"S",1228,30,30,0,0,0,30,0,0,"G/t","V/L"
25240,"S",1226,29,0,0,0,0,29,0,0,"C/a","A/A"
3466,"ORF1ab",1067,29,4,0,10,19,0,0,0,"T/cga","H/HQ"
22618,"S",352,28,0,0,16,12,0,0,0,"T/cag","A/A"
5270,"ORF1ab",1669,28,28,0,16,12,0,0,0,"T/cag","W/RG"
15118,"ORF1ab",4951,27,0,0,1,0,0,26,0,"G/tc","V/V"
25269,"S",1236,26,26,0,0,0,26,0,0,"G/t","C/F"
26125,"ORF3a",245,25,25,0,1,0,0,0,24,"C/at","Q/K*"
15133,"ORF1ab",4956,25,0,0,0,0,0,25,0,"A/c","V/V"
10845,"ORF1ab",3527,25,25,0,2,23,0,0,0,"T/c","M/T"
26116,"ORF3a",242,24,24,0,0,0,0,0,24,"G/t","E/*"
5018,"ORF1ab",1585,24,24,0,0,0,0,24,0,"G/a","D/N"
15122,"ORF1ab",4953,23,0,0,0,0,0,23,0,"C/t","L/L"
23403,"S",614,22,22,6,0,1,11,10,0,"GA/agc","GD/DGA"
12309,"ORF1ab",4015,21,21,0,6,15,0,0,0,"A/gtc","Q/RLP"
683,"ORF1ab",140,21,0,0,0,0,19,2,0,"C/t","L/L"
241,"5'UTR",81,20,0,6,0,2,11,7,0,"TC/ct","NA/NA"
14408,"ORF1ab",4715,19,0,5,0,2,10,7,0,"TC/ct","L/L"
26523,"M",1,18,18,0,6,12,0,0,0,"A/gc","M/VL"
26522,"none","NA",18,0,0,3,15,0,0,0,"C/tag","NA/NA"
3037,"ORF1ab",924,18,0,5,0,1,10,7,0,"TC/ct","F/F"
1971,"ORF1ab",569,18,18,0,7,11,0,0,0,"T/cag","I/TKR"
22592,"S",344,17,17,0,1,16,0,0,0,"G/ac","A/TP"
28928,"N",219,16,16,0,0,1,10,5,0,"C/ta","L/FI"
27856,"ORF7",155,16,16,0,4,12,0,0,0,"T/ac","C/SR"
22616,"S",352,16,16,0,8,8,0,0,0,"G/a","A/T"
14805,"ORF1ab",4847,16,16,5,0,2,10,4,0,"CT/tca","TI/ITN"
4630,"ORF1ab",1455,16,1,1,6,10,0,0,0,"TC/cta","H/HQ"
25228,"S",1222,15,0,0,0,0,15,0,0,"T/g","A/A"
19071,"ORF1ab",6269,15,15,0,8,7,0,0,0,"T/acg","L/QPR"
1675,"ORF1ab",470,15,6,0,6,8,1,0,0,"T/cga","N/NK"
28881,"N",203,14,14,6,0,0,12,2,0,"GA/gat","RK/RKM"
27627,"ORF7",78,14,0,0,6,8,0,0,0,"T/gac","R/R"
27351,"ORF6",50,14,0,0,5,9,0,0,0,"T/ca","S/S"
26144,"ORF3a",251,14,14,5,0,0,10,4,0,"GT/tga","GV/VGD"
25043,"S",1161,14,14,0,9,5,0,0,0,"T/ca","S/PT"
20542,"ORF1ab",6759,14,0,0,9,5,0,0,0,"T/c","N/N"
15931,"ORF1ab",5222,14,0,0,7,7,0,0,0,"T/cga","L/L"
15181,"ORF1ab",4972,14,0,0,7,7,0,0,0,"G/act","P/P"
15156,"ORF1ab",4964,14,14,0,0,1,1,12,0,"T/ac","I/NT"
11075,"ORF1ab",3604,14,14,0,0,10,0,4,0,"T/cag","F/LIV"
4281,"ORF1ab",1339,14,14,0,5,9,0,0,0,"T/ca","V/AE"
25521,"ORF3a",43,13,0,0,0,0,11,2,0,"C/t","F/F"
25234,"S",1224,13,13,0,0,0,13,0,0,"G/t","L/F"
1391,"ORF1ab",376,13,13,0,5,8,0,0,0,"T/ca","S/PT"
28883,"N",204,12,12,6,0,0,9,3,0,"GC/gca","RG/RG"
28882,"N",203,12,1,6,0,0,10,2,0,"GA/gat","RK/KRS"
6538,"ORF1ab",2091,12,0,0,4,8,0,0,0,"C/ta","G/G"
3468,"ORF1ab",1068,12,12,0,3,9,0,0,0,"G/a","G/E"
23979,"S",806,11,11,1,2,9,0,0,0,"TG/cat","L*/S*L"
19072,"ORF1ab",6269,11,0,0,2,9,0,0,0,"GT/act","L/L"
14257,"ORF1ab",4664,11,2,0,6,5,0,0,0,"T/cga","N/NK"
12308,"ORF1ab",4015,11,11,0,6,5,0,0,0,"C/ta","Q/*K"
9232,"ORF1ab",2989,11,2,0,3,8,0,0,0,"T/ca","C/C*"
8167,"ORF1ab",2634,11,5,1,7,4,0,0,0,"TA/gcat","I/IM"
6353,"ORF1ab",2030,11,11,0,5,6,0,0,0,"T/cg","S/PA"
2480,"ORF1ab",739,11,11,3,0,0,10,1,0,"AG/ga","IV/VI"
29422,"N",383,10,0,0,4,6,0,0,0,"GT/act","P/P"
28465,"N",64,10,0,0,0,0,0,10,0,"T/a","L/L"
28450,"N",59,10,4,0,4,6,0,0,0,"T/cga","H/HQ"
25942,"ORF3a",184,10,10,1,4,6,0,0,0,"TC/cat","YH/HNY"
19169,"ORF1ab",6302,10,10,0,3,7,0,0,0,"T/cga","S/PAT"
18571,"ORF1ab",6102,10,0,0,1,9,0,0,0,"T/cga","S/S"
17803,"ORF1ab",5846,10,0,0,4,6,0,0,0,"T/ca","P/P"
14769,"ORF1ab",4835,10,10,0,3,7,0,0,0,"T/cg","L/PR"
14259,"ORF1ab",4665,10,10,0,5,5,0,0,0,"T/agc","M/KRT"
12843,"ORF1ab",4193,10,10,0,4,6,0,0,0,"G/a","W/*"
9457,"ORF1ab",3064,10,3,1,4,6,0,0,0,"TC/cgt","F/FL"
6430,"ORF1ab",2055,10,0,0,6,4,0,0,0,"T/cag","P/P"
3467,"ORF1ab",1068,10,10,0,2,8,0,0,0,"G/a","G/R"
3239,"ORF1ab",992,10,10,0,4,4,2,0,0,"G/atc","D/NYH"
29551,"none","NA",9,0,0,3,6,0,0,0,"A/gt","NA/NA"
29034,"N",254,9,9,0,0,0,8,1,0,"C/tga","A/VGD"
25274,"S",1238,9,9,0,0,0,9,0,0,"A/c","T/P"
24605,"S",1015,9,9,1,2,7,0,0,0,"GA/agc","AT/TPA"
23605,"S",681,9,0,0,1,8,0,0,0,"T/c","P/P"
22347,"S",262,9,9,0,0,0,0,9,0,"C/ag","A/DG"
19582,"ORF1ab",6439,9,9,0,0,0,9,0,0,"G/tc","L/F"
16735,"ORF1ab",5490,9,2,0,4,5,0,0,0,"T/cga","H/HQ"
12578,"ORF1ab",4105,9,9,0,0,1,8,0,0,"G/t","D/Y"
11049,"ORF1ab",3595,9,9,1,4,5,0,0,0,"TC/ct","VA/AV"
9919,"ORF1ab",3218,9,1,0,4,5,0,0,0,"T/ca","S/SR"
2558,"ORF1ab",765,9,9,2,0,0,9,0,0,"CT/tc","PS/SP"
29421,"N",383,8,8,0,2,5,0,0,1,"C/at","P/QL"
29035,"N",254,8,0,0,0,0,8,0,0,"T/cga","A/A"
28444,"N",57,8,0,0,5,3,0,0,0,"T/cga","T/T"
27626,"ORF7",78,8,8,0,3,5,0,0,0,"G/at","R/HL"
27509,"ORF7",39,8,8,0,2,0,6,0,0,"C/tg","T/IR"
25161,"S",1200,8,8,1,7,1,0,0,0,"TA/catg","LH/PHRL"
22615,"S",351,8,2,0,3,5,0,0,0,"T/cg","Y/Y*"
21575,"S",5,8,8,4,2,0,6,0,0,"TC/tc","LF/LF"
20114,"ORF1ab",6617,8,8,0,4,4,0,0,0,"T/c","S/P"
18583,"ORF1ab",6106,8,0,2,0,0,8,0,0,"GT/tga","S/S"
18574,"ORF1ab",6103,8,0,0,4,4,0,0,0,"G/a","L/L"
17043,"ORF1ab",5593,8,8,0,4,4,0,0,0,"T/cg","I/TS"
16820,"ORF1ab",5519,8,8,1,3,5,0,0,0,"TC/cta","*Q/QK*"
16430,"ORF1ab",5389,8,8,0,4,4,0,0,0,"T/cag","*/QKE"
15144,"ORF1ab",4960,8,8,0,0,1,0,7,0,"T/ac","I/KT"
14266,"ORF1ab",4667,8,0,0,4,4,0,0,0,"A/cgt","S/S"
13116,"ORF1ab",4284,8,8,0,2,6,0,0,0,"T/cga","L/PRQ"
11380,"ORF1ab",3705,8,0,0,5,3,0,0,0,"T/ca","A/A"
10573,"ORF1ab",3436,8,0,1,4,4,0,0,0,"TC/cta","A/A"
9230,"ORF1ab",2989,8,8,0,3,5,0,0,0,"T/ca","C/RS"
7977,"ORF1ab",2571,8,8,0,3,5,0,0,0,"T/cag","L/S*"
4632,"ORF1ab",1456,8,8,0,2,5,0,1,0,"G/ac","G/DA"
4011,"ORF1ab",1249,8,8,0,2,6,0,0,0,"T/ca","L/PH"
3392,"ORF1ab",1043,8,8,0,5,3,0,0,0,"G/ac","A/TP"
3240,"ORF1ab",992,8,8,0,5,3,0,0,0,"A/gct","D/GAV"
3096,"ORF1ab",944,8,8,0,1,2,5,0,0,"C/t","S/L"
1735,"ORF1ab",490,8,0,0,4,4,0,0,0,"T/cg","T/T"
1338,"ORF1ab",358,8,8,0,0,0,0,8,0,"G/a","G/D"
29418,"N",382,7,7,1,3,3,1,0,0,"TC/ctga","LS/S*L"
28851,"N",193,7,7,4,0,0,7,0,0,"TG/gt","IS/SI"
28580,"N",103,7,7,4,0,3,4,0,0,"TGA/gtca","YDN/DYNH"
28469,"N",66,7,7,0,7,0,0,0,0,"T/g","F/V"
26749,"M",76,7,7,0,4,3,0,0,0,"T/cga","I/TSN"
25949,"ORF3a",186,7,7,0,5,1,0,1,0,"T/gc","I/ST"
25312,"S",1250,7,7,0,0,0,7,0,0,"T/g","C/W"
25010,"S",1150,7,7,1,0,7,0,0,0,"GA/agc","EK/KQE"
24933,"S",1124,7,7,1,1,2,3,1,0,"GT/tgca","GV/VGDA"
24664,"S",1034,7,0,1,1,6,0,0,0,"TC/ct","L/L"
22452,"S",297,7,7,0,0,1,4,2,0,"C/ta","S/L*"
20117,"ORF1ab",6618,7,7,0,0,0,0,7,0,"C/a","H/N"
18266,"ORF1ab",6001,7,7,0,2,5,0,0,0,"G/a","A/T"
15180,"ORF1ab",4972,7,7,0,2,5,0,0,0,"C/tag","P/LQR"
13811,"ORF1ab",4516,7,7,0,1,6,0,0,0,"T/cg","W/RG"
12856,"ORF1ab",4197,7,0,0,5,2,0,0,0,"T/ca","P/P"
12844,"ORF1ab",4193,7,7,0,2,5,0,0,0,"G/a","W/*"
12795,"ORF1ab",4177,7,7,0,1,6,0,0,0,"G/a","G/E"
12419,"ORF1ab",4052,7,7,0,3,4,0,0,0,"G/a","A/T"
12418,"ORF1ab",4051,7,2,1,2,5,0,0,0,"TC/ctga","N/NK"
11893,"ORF1ab",3876,7,6,0,0,1,6,0,0,"G/tca","L/FL"
11528,"ORF1ab",3755,7,7,0,4,3,0,0,0,"G/ac","A/TP"
10817,"ORF1ab",3518,7,7,2,3,3,1,0,0,"GA/agt","AT/TAS"
9268,"ORF1ab",3001,7,3,0,1,6,0,0,0,"T/ca","S/SR"
8176,"ORF1ab",2637,7,0,0,3,4,0,0,0,"T/c","A/A"
8006,"ORF1ab",2581,7,7,1,1,6,0,0,0,"GA/agc","GS/SRG"
7922,"ORF1ab",2553,7,7,0,5,2,0,0,0,"T/cag","S/TPA"
6429,"ORF1ab",2055,7,7,0,3,4,0,0,0,"C/tag","P/LHR"
6364,"ORF1ab",2033,7,0,0,1,4,2,0,0,"G/at","A/A"
4054,"ORF1ab",1263,7,0,0,4,3,0,0,0,"T/c","L/L"
2432,"ORF1ab",723,7,7,0,3,4,0,0,0,"T/ca","S/PT"
1676,"ORF1ab",471,7,7,0,2,5,0,0,0,"G/atc","E/KQ*"
1440,"ORF1ab",392,7,7,4,0,0,7,0,0,"AG/ga","DG/GD"
29552,"none","NA",6,0,0,2,4,0,0,0,"A/gt","NA/NA"
28508,"N",79,6,6,0,1,5,0,0,0,"A/gt","S/GC"
26113,"ORF3a",241,6,6,0,0,0,1,0,5,"G/ta","E/*K"
24213,"S",884,6,6,0,2,0,1,3,0,"C/t","S/F"
24015,"S",818,6,6,1,3,3,0,0,0,"TA/catg","IN/TNSI"
23997,"S",812,6,6,0,2,1,1,2,0,"C/ta","P/LQ"
22836,"S",425,6,6,0,3,3,0,0,0,"T/cg","L/S*"
22619,"S",353,6,6,0,5,1,0,0,0,"T/ca","W/R"
21137,"ORF1ab",6958,6,6,0,0,0,5,0,1,"A/g","S/G"
20205,"ORF1ab",6647,6,6,0,3,2,1,0,0,"T/c","L/P"
18462,"ORF1ab",6066,6,6,0,4,2,0,0,0,"G/ac","R/HP"
16690,"ORF1ab",5475,6,2,1,3,3,0,0,0,"GC/agc","LF/LF"
15178,"ORF1ab",4971,6,0,0,2,4,0,0,0,"G/a","*/*"
15088,"ORF1ab",4941,6,0,0,2,4,0,0,0,"G/a","V/V"
15087,"ORF1ab",4941,6,6,0,2,4,0,0,0,"T/cga","V/AGE"
14258,"ORF1ab",4665,6,6,0,1,3,2,0,0,"A/gt","M/VL"
13129,"ORF1ab",4288,6,0,0,1,5,0,0,0,"A/g","G/G"
12375,"ORF1ab",4037,6,6,0,5,1,0,0,0,"T/ca","L/PH"
12310,"ORF1ab",4015,6,2,1,2,4,0,0,0,"GA/atg","Q/QH"
12100,"ORF1ab",3945,6,0,0,1,5,0,0,0,"C/t","A/A"
11374,"ORF1ab",3703,6,2,0,3,3,0,0,0,"T/ca","D/DE"
10698,"ORF1ab",3478,6,6,0,3,3,0,0,0,"G/a","G/E"
10190,"ORF1ab",3309,6,6,0,1,5,0,0,0,"T/ca","S/PT"
8569,"ORF1ab",2768,6,4,0,2,4,0,0,0,"T/gca","N/KN"
7579,"ORF1ab",2438,6,0,0,3,3,0,0,0,"T/ca","A/A"
7386,"ORF1ab",2374,6,6,0,2,4,0,0,0,"T/c","M/T"
7065,"ORF1ab",2267,6,6,0,0,0,6,0,0,"G/tc","R/TI"
4080,"ORF1ab",1272,6,6,0,0,0,6,0,0,"G/tca","S/ITN"
2943,"ORF1ab",893,6,6,0,2,4,0,0,0,"T/cga","L/PRQ"
2713,"ORF1ab",816,6,6,0,0,0,0,0,6,"A/c","K/N"
1059,"ORF1ab",265,6,6,2,0,1,4,1,0,"CT/tc","TI/IT"
75,"5'UTR",25,6,0,0,3,3,0,0,0,"C/t","NA/NA"
29462,"N",397,5,5,0,0,5,0,0,0,"G/a","A/T"
28937,"N",222,5,4,0,0,1,0,4,0,"C/at","L/ML"
28871,"N",200,5,5,0,0,5,0,0,0,"G/a","G/S"
28854,"N",194,5,5,2,0,0,2,3,0,"CT/tc","SL/LS"
28543,"N",90,5,0,0,1,4,0,0,0,"T/cg","A/A"
26681,"M",53,5,0,0,1,1,3,0,0,"C/t","F/F"
25415,"ORF3a",8,5,5,0,2,3,0,0,0,"T/cga","F/SYC"
25009,"S",1149,5,1,0,0,5,0,0,0,"G/at","K/KN"
24663,"S",1034,5,5,0,2,3,0,0,0,"T/c","L/P"
24475,"S",971,5,0,0,1,0,0,4,0,"T/a","G/G"
24000,"S",813,5,5,0,0,5,0,0,0,"G/a","S/N"
23994,"S",811,5,5,0,4,1,0,0,0,"A/tgc","K/RIT"
22000,"S",146,5,1,0,0,0,4,1,0,"C/ta","H/HQ"
20974,"ORF1ab",6903,5,0,0,1,4,0,0,0,"G/a","L/L"
20823,"ORF1ab",6853,5,5,2,0,1,0,4,0,"CT/tc","TI/IT"
19381,"ORF1ab",6372,5,0,0,3,2,0,0,0,"T/c","T/T"
18106,"ORF1ab",5947,5,5,0,2,1,2,0,0,"G/tc","R/S"
17751,"ORF1ab",5829,5,5,0,2,3,0,0,0,"T/cg","L/PR"
17325,"ORF1ab",5687,5,5,0,1,4,0,0,0,"G/a","C/Y"
17247,"ORF1ab",5661,5,5,2,0,1,0,4,0,"TC/ct","VA/AV"
17075,"ORF1ab",5604,5,5,0,2,3,0,0,0,"T/c","S/P"
16429,"ORF1ab",5388,5,0,0,2,3,0,0,0,"T/cg","T/T"
15957,"ORF1ab",5231,5,5,0,2,2,0,1,0,"G/a","G/E"
15484,"ORF1ab",5073,5,0,0,0,5,0,0,0,"T/c","H/H"
15474,"ORF1ab",5070,5,5,0,5,0,0,0,0,"T/g","V/G"
15465,"ORF1ab",5067,5,5,0,0,5,0,0,0,"T/c","L/S"
15357,"ORF1ab",5031,5,5,0,3,2,0,0,0,"T/c","L/P"
15124,"ORF1ab",4953,5,0,0,0,0,0,5,0,"A/t","L/L"
15007,"ORF1ab",4914,5,0,0,1,4,0,0,0,"G/a","R/R"
13618,"ORF1ab",4451,5,0,0,1,4,0,0,0,"G/a","R/R"
13612,"ORF1ab",4449,5,1,0,2,3,0,0,0,"G/at","K/KN"
12794,"ORF1ab",4177,5,5,0,1,4,0,0,0,"G/at","G/R*"
12791,"ORF1ab",4176,5,5,0,0,5,0,0,0,"A/gt","K/E*"
12196,"ORF1ab",3977,5,0,0,3,2,0,0,0,"T/cga","L/L"
11991,"ORF1ab",3909,5,5,0,3,1,1,0,0,"A/g","E/G"
11087,"ORF1ab",3608,5,5,1,0,2,2,1,0,"GT/tag","E*/K*E"
10037,"ORF1ab",3258,5,5,0,0,0,0,5,0,"A/ct","T/PS"
9438,"ORF1ab",3058,5,5,2,0,0,4,1,0,"CT/tc","TI/IT"
9430,"ORF1ab",3055,5,0,2,0,1,2,2,0,"CT/tc","I/I"
7976,"ORF1ab",2571,5,1,0,3,2,0,0,0,"T/cg","L/LV"
7520,"ORF1ab",2419,5,5,0,2,3,0,0,0,"A/g","T/A"
7071,"ORF1ab",2269,5,5,1,0,0,4,0,1,"GA/tag","GD/VDG"
7070,"ORF1ab",2269,5,5,0,0,0,5,0,0,"G/ta","G/CS"
6420,"ORF1ab",2052,5,5,0,4,1,0,0,0,"T/cg","V/AG"
6385,"ORF1ab",2040,5,0,2,0,1,0,4,0,"CT/tca","A/A"
6360,"ORF1ab",2032,5,5,0,0,5,0,0,0,"A/gt","D/GV"
3940,"ORF1ab",1225,5,2,0,3,1,1,0,0,"A/gt","R/RS"
3259,"ORF1ab",998,5,5,0,1,0,4,0,0,"G/t","Q/H"
2709,"ORF1ab",815,5,5,0,2,3,0,0,0,"T/ca","L/PH"
2402,"ORF1ab",713,5,5,0,1,4,0,0,0,"T/ca","S/PT"
1191,"ORF1ab",309,5,5,0,0,2,2,1,0,"C/ta","P/LQ"
790,"ORF1ab",175,5,0,0,3,2,0,0,0,"T/cag","R/R"
29550,"none","NA",4,0,0,2,2,0,0,0,"C/t","NA/NA"
29547,"none","NA",4,0,0,4,0,0,0,0,"A/gc","NA/NA"
29543,"none","NA",4,0,0,0,1,3,0,0,"G/ta","NA/NA"
29536,"none","NA",4,0,0,2,2,0,0,0,"T/c","NA/NA"
29461,"N",396,4,0,0,3,1,0,0,0,"T/ac","P/P"
29320,"N",349,4,0,0,0,4,0,0,0,"A/g","Q/Q"
29253,"N",327,4,4,0,0,0,3,1,0,"C/t","S/L"
29200,"N",309,4,0,1,1,0,3,0,0,"CT/tgc","P/P"
29015,"N",248,4,4,0,0,0,4,0,0,"A/t","K/*"
28935,"N",221,4,4,0,0,0,0,4,0,"T/a","L/*"
28878,"N",202,4,4,0,3,1,0,0,0,"G/ca","S/TN"
28877,"N",202,4,4,1,2,2,0,0,0,"AT/ta","S/CT"
28872,"N",200,4,4,0,2,2,0,0,0,"G/ac","G/DA"
28703,"N",144,4,4,1,0,2,2,0,0,"GT/tgc","DY/YHD"
28588,"N",105,4,2,0,2,2,0,0,0,"T/gc","S/SR"
28575,"N",101,4,4,0,2,2,0,0,0,"T/agc","M/KTR"
28532,"N",87,4,4,0,3,1,0,0,0,"T/c","Y/H"
28510,"N",79,4,0,0,1,3,0,0,0,"T/c","S/S"
28280,"N",3,4,4,0,1,3,0,0,0,"G/at","D/NY"
27389,"none","NA",4,0,0,0,2,1,1,0,"C/t","NA/NA"
27328,"ORF6",43,4,4,0,1,3,0,0,0,"T/c","S/P"
26935,"M",138,4,4,0,0,4,0,0,0,"T/c","L/P"
26300,"E",19,4,4,0,3,1,0,0,0,"T/c","L/P"
25947,"ORF3a",185,4,4,0,0,0,4,0,0,"G/t","Q/H"
25714,"ORF3a",108,4,4,0,0,1,2,1,0,"C/ta","L/FI"
25587,"ORF3a",65,4,0,0,0,1,3,0,0,"C/ta","L/L"
25563,"ORF3a",57,4,4,1,0,0,2,2,0,"GT/tgc","QH/HQ"
25455,"ORF3a",21,4,4,1,0,1,3,0,0,"GT/tg","KN/NK"
25427,"ORF3a",12,4,4,0,1,1,1,1,0,"C/tg","T/SI"
25351,"S",1263,4,0,0,1,3,0,0,0,"A/g","P/P"
25196,"S",1212,4,4,0,0,2,0,0,2,"T/gc","W/RG"
25001,"S",1147,4,4,0,1,3,0,0,0,"T/c","S/P"
24607,"S",1015,4,0,0,1,3,0,0,0,"T/c","A/A"
24382,"S",940,4,0,1,0,1,3,0,0,"CT/tgc","S/S"
24378,"S",939,4,4,0,0,0,3,1,0,"C/t","S/F"
24371,"S",937,4,4,0,0,4,0,0,0,"T/c","S/P"
24198,"S",879,4,4,0,1,0,2,1,0,"C/ta","A/VE"
24197,"S",879,4,4,0,1,0,3,0,0,"G/t","A/S"
23986,"S",808,4,2,0,4,0,0,0,0,"T/cga","D/ED"
23877,"S",772,4,4,1,0,0,3,1,0,"TC/ct","VA/AV"
23856,"S",765,4,4,0,0,2,2,0,0,"G/at","R/HL"
23758,"S",732,4,0,0,0,0,2,2,0,"C/t","T/T"
23593,"S",677,4,3,0,0,2,2,0,0,"G/ta","Q/HQ"
23540,"S",660,4,4,0,2,1,1,0,0,"T/ca","Y/HN"
22917,"S",452,4,4,0,1,3,0,0,0,"T/cga","L/PRQ"
22690,"S",376,4,0,0,2,0,1,1,0,"T/ca","T/T"
22062,"S",167,4,4,0,0,2,0,2,0,"C/t","T/I"
21908,"S",116,4,4,0,3,1,0,0,0,"T/c","S/P"
21778,"S",72,4,0,0,0,3,1,0,0,"G/a","G/G"
21650,"S",30,4,4,0,0,0,4,0,0,"A/c","N/H"
20975,"ORF1ab",6904,4,4,1,0,4,0,0,0,"AG/cga","MV/LVM"
20973,"ORF1ab",6903,4,4,0,2,2,0,0,0,"T/ca","L/PQ"
20432,"ORF1ab",6723,4,4,0,0,4,0,0,0,"T/ca","W/R"
20364,"ORF1ab",6700,4,4,0,1,2,0,0,1,"A/gt","Y/CF"
19677,"ORF1ab",6471,4,4,1,1,1,2,0,0,"GT/tga","RM/MRK"
19151,"ORF1ab",6296,4,4,0,0,2,0,2,0,"C/tg","P/SA"
19006,"ORF1ab",6247,4,4,1,1,1,2,0,0,"GT/tgc","*Y/Y*"
18573,"ORF1ab",6103,4,4,0,3,1,0,0,0,"T/ga","L/RQ"
17706,"ORF1ab",5814,4,4,0,0,4,0,0,0,"G/a","G/D"
17324,"ORF1ab",5687,4,4,0,2,2,0,0,0,"T/ca","C/RS"
17278,"ORF1ab",5671,4,3,0,1,2,1,0,0,"G/ta","K/NK"
17172,"ORF1ab",5636,4,4,2,0,0,0,4,0,"CA/ca","QP/QP"
16692,"ORF1ab",5476,4,4,0,1,3,0,0,0,"T/cg","L/PR"
16466,"ORF1ab",5401,4,4,0,0,0,2,2,0,"C/t","H/Y"
16425,"ORF1ab",5387,4,4,0,1,3,0,0,0,"T/cga","F/SYC"
15958,"ORF1ab",5231,4,0,0,1,3,0,0,0,"G/ac","G/G"
15857,"ORF1ab",5198,4,0,0,0,1,3,0,0,"C/t","L/L"
15738,"ORF1ab",5158,4,4,1,1,0,2,0,1,"CT/tc","SL/LS"
15297,"ORF1ab",5011,4,4,0,1,3,0,0,0,"T/c","I/T"
15195,"ORF1ab",4977,4,4,0,1,3,0,0,0,"T/c","L/P"
14349,"ORF1ab",4695,4,4,1,2,2,0,0,0,"TA/gta","MK/RMK"
14313,"ORF1ab",4683,4,4,1,2,1,0,1,0,"TC/ct","IT/TI"
14311,"ORF1ab",4682,4,0,0,3,1,0,0,0,"G/a","G/G"
14269,"ORF1ab",4668,4,0,0,1,2,0,1,0,"G/atc","R/R"
14267,"ORF1ab",4668,4,3,0,0,4,0,0,0,"C/ta","R/WR"
14265,"ORF1ab",4667,4,4,0,1,3,0,0,0,"C/ta","S/L*"
14064,"ORF1ab",4600,4,4,0,0,4,0,0,0,"T/c","I/T"
13762,"ORF1ab",4499,4,0,0,1,2,0,1,0,"G/ac","T/T"
13264,"ORF1ab",4333,4,0,0,0,2,0,2,0,"C/t","H/H"
13123,"ORF1ab",4286,4,1,0,1,3,0,0,0,"T/cg","S/SR"
13118,"ORF1ab",4285,4,4,0,2,2,0,0,0,"G/tca","A/STP"
12855,"ORF1ab",4197,4,4,0,0,4,0,0,0,"C/atg","P/HRL"
12792,"ORF1ab",4176,4,4,0,1,3,0,0,0,"A/tgc","K/MTR"
12680,"ORF1ab",4139,4,2,0,1,3,0,0,0,"T/gc","L/VL"
12331,"ORF1ab",4022,4,0,0,0,1,0,3,0,"G/a","R/R"
11850,"ORF1ab",3862,4,4,0,4,0,0,0,0,"T/ac","M/KT"
11261,"ORF1ab",3666,4,4,0,1,3,0,0,0,"T/gc","W/RG"
11152,"ORF1ab",3629,4,0,0,1,0,2,1,0,"C/t","V/V"
11042,"ORF1ab",3593,4,4,0,0,0,4,0,0,"G/t","V/F"
10697,"ORF1ab",3478,4,4,0,2,2,0,0,0,"G/at","G/R*"
10168,"ORF1ab",3301,4,1,0,1,3,0,0,0,"T/cg","C/CW"
9969,"ORF1ab",3235,4,4,0,1,2,0,1,0,"C/ta","A/VE"
9267,"ORF1ab",3001,4,4,0,2,2,0,0,0,"G/a","S/N"
9231,"ORF1ab",2989,4,4,0,2,2,0,0,0,"G/a","C/Y"
8573,"ORF1ab",2770,4,1,1,0,4,0,0,0,"TC/ctg","L/LV"
7925,"ORF1ab",2554,4,4,0,1,3,0,0,0,"G/a","A/T"
7923,"ORF1ab",2553,4,4,0,2,2,0,0,0,"C/at","S/YF"
7645,"ORF1ab",2460,4,0,0,2,2,0,0,0,"T/ca","A/A"
7451,"ORF1ab",2396,4,4,0,2,2,0,0,0,"A/tg","S/GC"
7384,"ORF1ab",2373,4,1,0,0,2,2,0,0,"A/gt","Q/QH"
6696,"ORF1ab",2144,4,4,0,0,1,3,0,0,"C/t","P/L"
6540,"ORF1ab",2092,4,4,0,1,3,0,0,0,"A/c","H/P"
6525,"ORF1ab",2087,4,4,0,1,1,2,0,0,"C/ta","T/IK"
6506,"ORF1ab",2081,4,4,0,1,0,3,0,0,"A/gt","N/DY"
6345,"ORF1ab",2027,4,4,0,2,2,0,0,0,"T/c","V/A"
6118,"ORF1ab",1951,4,0,0,3,1,0,0,0,"T/c","A/A"
6027,"ORF1ab",1921,4,4,3,0,0,4,0,0,"TC/ct","LP/PL"
5965,"ORF1ab",1900,4,1,0,0,4,0,0,0,"T/ca","Y/Y*"
5805,"ORF1ab",1847,4,4,1,1,3,0,0,0,"GA/agc","CY/YSC"
5347,"ORF1ab",1694,4,0,0,1,3,0,0,0,"T/c","A/A"
5271,"ORF1ab",1669,4,4,0,1,3,0,0,0,"G/ac","W/*S"
5168,"ORF1ab",1635,4,4,0,4,0,0,0,0,"T/c","Y/H"
3621,"ORF1ab",1119,4,4,0,2,2,0,0,0,"G/a","G/D"
3395,"ORF1ab",1044,4,4,0,2,2,0,0,0,"G/at","D/NY"
3390,"ORF1ab",1042,4,4,0,2,2,0,0,0,"A/gtc","N/STI"
2273,"ORF1ab",670,4,4,0,3,1,0,0,0,"G/at","E/K*"
1737,"ORF1ab",491,4,4,0,2,2,0,0,0,"T/ag","V/EG"
1722,"ORF1ab",486,4,4,0,1,0,2,1,0,"C/t","A/V"
1607,"ORF1ab",448,4,4,1,0,0,2,0,2,"GA/ctg","ND/HYD"
1581,"ORF1ab",439,4,4,0,2,2,0,0,0,"T/cg","V/AG"
1390,"ORF1ab",375,4,2,0,1,3,0,0,0,"T/gc","N/NK"
787,"ORF1ab",174,4,4,0,1,3,0,0,0,"G/at","M/I"
553,"ORF1ab",96,4,3,0,0,4,0,0,0,"G/ta","Q/HQ"
29614,"ORF10",19,3,0,1,1,1,1,0,0,"CT/tc","C/C"
29555,"none","NA",3,0,0,0,1,1,0,1,"C/t","NA/NA"
29546,"none","NA",3,0,0,2,1,0,0,0,"C/t","NA/NA"
29425,"N",384,3,1,1,1,1,1,0,0,"GT/ag","QH/Q"
29424,"N",384,3,3,0,1,2,0,0,0,"A/ct","Q/PL"
29420,"N",383,3,3,0,0,1,2,0,0,"C/t","P/S"
29395,"N",374,3,3,1,0,0,3,0,0,"GC/tgc","KN/NK"
29195,"N",308,3,3,0,0,1,2,0,0,"G/tc","A/SP"
29179,"N",302,3,0,0,0,1,1,1,0,"G/tca","P/P"
29081,"N",270,3,3,0,0,1,2,0,0,"G/ta","V/LI"
29025,"N",251,3,3,0,1,0,1,1,0,"C/t","A/V"
29017,"N",248,3,1,0,0,0,3,0,0,"G/at","K/KN"
28957,"N",228,3,0,1,0,1,1,1,0,"CT/tc","N/N"
28836,"N",188,3,3,3,0,0,0,3,0,"T/c","L/S"
28806,"N",178,3,3,0,0,1,1,1,0,"G/a","G/D"
28793,"N",174,3,3,0,0,0,3,0,0,"G/tc","E/*Q"
28719,"N",149,3,3,0,0,2,0,1,0,"G/a","R/H"
28509,"N",79,3,3,0,2,1,0,0,0,"G/at","S/NI"
28507,"N",78,3,0,0,1,2,0,0,0,"C/t","S/S"
28446,"N",58,3,3,0,1,2,0,0,0,"A/tg","Q/LR"
28445,"N",58,3,3,0,1,2,0,0,0,"C/at","Q/K*"
28358,"N",29,3,3,0,2,1,0,0,0,"A/gc","N/DH"
28351,"N",26,3,1,0,1,2,0,0,0,"T/ca","S/SR"
28345,"N",24,3,0,0,2,1,0,0,0,"T/c","T/T"
28214,"ORF8",107,3,1,0,1,1,0,1,0,"C/ta","D/DE"
28048,"ORF8",52,3,3,0,0,2,1,0,0,"G/tca","R/TKI"
27780,"ORF7",129,3,0,0,1,1,1,0,0,"T/cg","T/T"
27494,"ORF7",34,3,3,0,1,1,1,0,0,"C/t","P/L"
27482,"ORF7",30,3,3,0,0,2,0,1,0,"T/c","L/P"
27401,"ORF7",3,3,3,1,1,1,0,1,0,"TC/tca","IT/TNI"
27373,"ORF6",58,3,3,0,2,1,0,0,0,"A/gt","M/VL"
27281,"ORF6",27,3,3,0,1,0,2,0,0,"G/t","W/L"
26936,"M",138,3,0,0,2,1,0,0,0,"C/ta","L/L"
26728,"M",69,3,3,0,0,1,2,0,0,"C/t","A/V"
26475,"none","NA",3,0,0,1,2,0,0,0,"G/at","NA/NA"
26205,"ORF3a",271,3,0,0,1,2,0,0,0,"T/c","T/T"
26176,"ORF3a",262,3,3,0,0,3,0,0,0,"C/t","P/S"
26149,"ORF3a",253,3,3,0,0,3,0,0,0,"T/c","S/P"
25923,"ORF3a",177,3,0,0,1,2,0,0,0,"T/c","S/S"
25836,"ORF3a",148,3,0,0,0,1,1,1,0,"C/t","C/C"
25626,"ORF3a",78,3,1,0,0,1,1,0,1,"C/ta","H/HQ"
25590,"ORF3a",66,3,2,0,1,1,1,0,0,"A/tgc","K/NK"
25586,"ORF3a",65,3,3,0,0,3,0,0,0,"T/c","L/P"
25469,"ORF3a",26,3,3,0,0,2,1,0,0,"C/t","S/L"
25414,"ORF3a",8,3,3,0,0,3,0,0,0,"T/c","F/L"
25332,"S",1257,3,3,0,2,1,0,0,0,"A/tgc","D/VGA"
25330,"S",1256,3,3,0,1,2,0,0,0,"T/a","F/L"
25171,"S",1203,3,0,0,0,3,0,0,0,"T/c","L/L"
25159,"S",1199,3,0,0,1,2,0,0,0,"T/c","D/D"
25049,"S",1163,3,3,1,0,0,0,3,0,"GT/tg","DY/YD"
25047,"S",1162,3,3,0,1,0,1,1,0,"C/ta","P/LQ"
25042,"S",1160,3,0,0,1,2,0,0,0,"A/g","T/T"
24959,"S",1133,3,3,0,1,1,0,1,0,"G/at","V/IF"
24928,"S",1122,3,0,0,0,2,0,1,0,"G/ta","V/V"
24781,"S",1073,3,3,1,0,3,0,0,0,"GT/tg","KN/NK"
24755,"S",1065,3,3,0,2,0,1,0,0,"G/tc","V/L"
24715,"S",1051,3,0,0,3,0,0,0,0,"C/t","S/S"
24635,"S",1025,3,3,0,1,2,0,0,0,"G/ta","A/ST"
24604,"S",1014,3,0,0,1,2,0,0,0,"A/g","R/R"
24368,"S",936,3,3,1,0,1,2,0,0,"GT/tga","DY/YND"
24098,"S",846,3,3,0,1,2,0,0,0,"G/a","A/T"
24028,"S",822,3,0,1,3,0,0,0,0,"TC/tca","L/L"
23978,"S",806,3,2,0,2,1,0,0,0,"T/gca","L/VLI"
23816,"S",752,3,3,0,1,0,2,0,0,"C/t","L/F"
23731,"S",723,3,0,2,0,0,3,0,0,"TC/ct","T/T"
23730,"S",723,3,3,1,1,1,0,1,0,"CT/tgc","TI/TSI"
23661,"S",700,3,3,0,1,2,0,0,0,"G/ac","G/DA"
23659,"S",699,3,0,0,1,2,0,0,0,"T/cg","L/L"
23623,"S",687,3,0,0,0,1,1,1,0,"A/tgc","V/V"
23547,"S",662,3,3,0,0,1,0,2,0,"G/t","C/F"
23296,"S",578,3,1,0,1,2,0,0,0,"T/cg","D/DE"
22985,"S",475,3,3,0,1,2,0,0,0,"G/at","A/TS"
22783,"S",407,3,0,0,3,0,0,0,0,"C/tga","V/V"
22717,"S",385,3,0,0,1,2,0,0,0,"T/ca","T/T"
22691,"S",377,3,3,0,1,2,0,0,0,"T/gc","F/VL"
22621,"S",353,3,3,0,1,1,1,0,0,"G/at","W/*C"
22323,"S",254,3,3,0,0,0,3,0,0,"C/t","S/F"
22218,"S",219,3,3,0,1,1,0,0,1,"G/t","G/V"
22048,"S",162,3,2,0,0,1,0,2,0,"T/ac","S/RS"
22013,"S",151,3,3,0,0,3,0,0,0,"A/gt","S/GC"
21855,"S",98,3,3,0,0,1,2,0,0,"C/ta","S/FY"
21409,"ORF1ab",7048,3,0,0,0,0,1,2,0,"C/t","F/F"
21400,"ORF1ab",7045,3,3,0,0,3,0,0,0,"A/gt","*/WC"
20925,"ORF1ab",6887,3,3,0,0,1,2,0,0,"G/tca","C/YSF"
20679,"ORF1ab",6805,3,3,0,0,2,0,1,0,"G/t","R/L"
20613,"ORF1ab",6783,3,3,0,1,2,0,0,0,"T/cg","F/SC"
20383,"ORF1ab",6706,3,1,0,1,2,0,0,0,"G/at","*/*Y"
20213,"ORF1ab",6650,3,3,0,1,0,0,2,0,"G/at","E/K*"
20178,"ORF1ab",6638,3,3,0,0,3,0,0,0,"C/t","S/F"
20104,"ORF1ab",6613,3,0,0,0,0,0,3,0,"C/t","V/V"
19983,"ORF1ab",6573,3,3,0,0,2,1,0,0,"C/t","S/F"
19962,"ORF1ab",6566,3,3,2,0,0,3,0,0,"TG/gc","LR/RP"
19943,"ORF1ab",6560,3,3,0,0,2,0,0,1,"C/at","P/TS"
19817,"ORF1ab",6518,3,3,0,3,0,0,0,0,"T/gca","Y/NHD"
19671,"ORF1ab",6469,3,3,1,0,3,0,0,0,"AC/ga","DA/GD"
19605,"ORF1ab",6447,3,3,0,1,2,0,0,0,"T/c","L/P"
19393,"ORF1ab",6376,3,1,0,2,1,0,0,0,"T/cg","H/HQ"
19269,"ORF1ab",6335,3,3,2,1,1,0,1,0,"TC/ct","IT/TI"
19170,"ORF1ab",6302,3,3,0,0,1,2,0,0,"C/t","S/L"
19168,"ORF1ab",6301,3,1,0,3,0,0,0,0,"T/cg","N/NK"
18948,"ORF1ab",6228,3,2,0,1,2,0,0,0,"G/tca","*/SL*"
18890,"ORF1ab",6209,3,3,0,1,2,0,0,0,"A/t","S/C"
18860,"ORF1ab",6199,3,3,0,0,2,1,0,0,"C/at","Q/K*"
18688,"ORF1ab",6141,3,0,0,0,3,0,0,0,"T/c","A/A"
18633,"ORF1ab",6123,3,3,0,2,0,1,0,0,"T/ac","L/*S"
18585,"ORF1ab",6107,3,3,0,0,0,3,0,0,"A/g","Y/C"
18575,"ORF1ab",6104,3,3,0,1,2,0,0,0,"A/cg","T/PA"
18449,"ORF1ab",6062,3,3,0,0,1,2,0,0,"G/a","V/M"
18439,"ORF1ab",6058,3,0,0,0,3,0,0,0,"T/c","F/F"
18290,"ORF1ab",6009,3,3,0,1,0,2,0,0,"G/tc","V/L"
18260,"ORF1ab",5999,3,3,0,1,2,0,0,0,"T/ca","S/PT"
18175,"ORF1ab",5970,3,0,0,2,1,0,0,0,"C/t","Y/Y"
18086,"ORF1ab",5941,3,0,0,0,1,1,1,0,"C/t","L/L"
18012,"ORF1ab",5916,3,3,0,0,2,0,1,0,"T/c","F/S"
17427,"ORF1ab",5721,3,3,0,0,0,3,0,0,"G/t","C/F"
17373,"ORF1ab",5703,3,3,0,0,2,0,1,0,"C/at","P/QL"
17323,"ORF1ab",5686,3,1,0,3,0,0,0,0,"T/cg","H/HQ"
17107,"ORF1ab",5614,3,0,0,1,2,0,0,0,"T/c","I/I"
17013,"ORF1ab",5583,3,3,0,0,0,0,0,3,"A/c","Q/P"
16887,"ORF1ab",5541,3,3,1,1,0,2,0,0,"CT/tc","TI/IT"
16660,"ORF1ab",5465,3,0,0,1,2,0,0,0,"G/at","L/L"
16659,"ORF1ab",5465,3,3,0,1,2,0,0,0,"T/cg","L/PR"
16577,"ORF1ab",5438,3,3,0,1,2,0,0,0,"G/a","G/R"
16525,"ORF1ab",5420,3,2,0,1,2,0,0,0,"T/gc","H/QH"
16457,"ORF1ab",5398,3,3,1,0,0,2,1,0,"CT/tc","HY/YH"
16428,"ORF1ab",5388,3,3,0,0,3,0,0,0,"C/ta","T/IN"
16395,"ORF1ab",5377,3,3,0,1,1,0,1,0,"A/tg","Q/LR"
16394,"ORF1ab",5377,3,3,0,2,1,0,0,0,"C/t","Q/*"
16056,"ORF1ab",5264,3,3,0,2,1,0,0,0,"T/c","I/T"
15981,"ORF1ab",5239,3,3,1,0,0,2,1,0,"CT/tc","SL/LS"
15956,"ORF1ab",5231,3,3,0,2,1,0,0,0,"G/ac","G/R"
15955,"ORF1ab",5230,3,1,0,0,3,0,0,0,"G/at","*/*Y"
15930,"ORF1ab",5222,3,3,0,1,2,0,0,0,"T/ac","L/HP"
15906,"ORF1ab",5214,3,3,0,1,2,0,0,0,"G/a","R/K"
15754,"ORF1ab",5163,3,1,0,1,2,0,0,0,"T/cg","H/HQ"
15653,"ORF1ab",5130,3,3,0,0,3,0,0,0,"A/g","T/A"
15612,"ORF1ab",5116,3,3,0,0,3,0,0,0,"A/tg","N/IS"
15444,"ORF1ab",5060,3,3,0,1,1,1,0,0,"G/at","C/YF"
15199,"ORF1ab",4978,3,0,0,1,1,1,0,0,"G/ta","L/L"
15154,"ORF1ab",4963,3,2,0,0,1,0,2,0,"C/at","F/LF"
15003,"ORF1ab",4913,3,3,0,3,0,0,0,0,"T/ac","M/KT"
14968,"ORF1ab",4901,3,0,0,1,2,0,0,0,"G/a","G/G"
14895,"ORF1ab",4877,3,3,0,1,2,0,0,0,"T/ac","V/EA"
14790,"ORF1ab",4842,3,3,0,0,0,2,1,0,"C/t","S/L"
14724,"ORF1ab",4820,3,3,1,1,0,2,0,0,"CT/tc","SF/FS"
14708,"ORF1ab",4815,3,0,1,0,2,1,0,0,"CT/tc","L/L"
14536,"ORF1ab",4757,3,0,0,1,2,0,0,0,"C/t","D/D"
14369,"ORF1ab",4702,3,3,0,0,3,0,0,0,"G/at","V/ML"
14347,"ORF1ab",4694,3,3,0,1,2,0,0,0,"G/at","W/*C"
14309,"ORF1ab",4682,3,3,0,0,2,1,0,0,"G/at","G/RW"
14305,"ORF1ab",4680,3,0,0,1,2,0,0,0,"T/c","N/N"
14260,"ORF1ab",4665,3,3,0,1,2,0,0,0,"G/a","M/I"
14005,"ORF1ab",4580,3,2,0,0,3,0,0,0,"A/cg","K/NK"
13904,"ORF1ab",4547,3,3,0,0,1,2,0,0,"A/g","I/V"
13810,"ORF1ab",4515,3,1,0,2,1,0,0,0,"A/gc","Q/QH"
13806,"ORF1ab",4514,3,3,0,2,1,0,0,0,"C/t","T/I"
13780,"ORF1ab",4505,3,0,0,1,0,0,0,2,"A/t","I/I"
13571,"ORF1ab",4436,3,3,0,1,0,2,0,0,"G/t","V/F"
13541,"ORF1ab",4426,3,3,0,1,1,1,0,0,"C/t","L/F"
13468,"ORF1ab",4401,3,1,0,1,2,0,0,0,"C/ta","N/NK"
13422,"ORF1ab",4386,3,3,0,0,3,0,0,0,"T/c","L/P"
13119,"ORF1ab",4285,3,3,0,1,0,1,1,0,"C/t","A/V"
13026,"ORF1ab",4254,3,3,1,1,2,0,0,0,"CT/tc","AV/VA"
12905,"ORF1ab",4214,3,3,0,0,2,0,1,0,"A/g","R/G"
12885,"ORF1ab",4207,3,3,2,0,0,1,2,0,"TC/ct","IT/TI"
12828,"ORF1ab",4188,3,3,0,1,2,0,0,0,"T/ac","L/*S"
12793,"ORF1ab",4176,3,1,0,1,2,0,0,0,"G/at","K/KN"
12783,"ORF1ab",4173,3,3,0,3,0,0,0,0,"A/tgc","N/TSI"
12523,"ORF1ab",4086,3,0,0,2,0,0,1,0,"T/ca","G/G"
12322,"ORF1ab",4019,3,2,0,0,3,0,0,0,"G/ta","E/DE"
12317,"ORF1ab",4018,3,3,0,0,3,0,0,0,"T/gca","S/TPA"
12213,"ORF1ab",3983,3,3,0,0,1,1,1,0,"C/t","S/F"
12111,"ORF1ab",3949,3,3,0,1,2,0,0,0,"G/tc","S/IT"
11997,"ORF1ab",3911,3,3,0,2,1,0,0,0,"T/a","M/K"
11990,"ORF1ab",3909,3,3,0,1,2,0,0,0,"G/a","E/K"
11754,"ORF1ab",3830,3,3,0,1,2,0,0,0,"C/t","P/L"
11527,"ORF1ab",3754,3,0,0,1,2,0,0,0,"G/a","L/L"
11417,"ORF1ab",3718,3,3,0,0,1,2,0,0,"G/ta","V/FI"
11395,"ORF1ab",3710,3,0,0,0,0,0,3,0,"A/t","T/T"
11377,"ORF1ab",3704,3,0,0,1,2,0,0,0,"T/c","G/G"
11376,"ORF1ab",3704,3,3,0,0,3,0,0,0,"G/ac","G/DA"
11126,"ORF1ab",3621,3,3,1,1,1,0,1,0,"AC/tga","ML/VML"
11109,"ORF1ab",3615,3,3,1,0,1,2,0,0,"CT/gc","AV/GA"
10973,"ORF1ab",3570,3,3,0,2,1,0,0,0,"A/tg","S/CG"
10819,"ORF1ab",3518,3,0,0,0,3,0,0,0,"T/c","A/A"
10379,"ORF1ab",3372,3,3,1,0,3,0,0,0,"GA/ag","GR/RG"
10339,"ORF1ab",3358,3,1,1,1,2,0,0,0,"TG/ct","NK/N"
10332,"ORF1ab",3356,3,3,0,2,1,0,0,0,"C/t","T/I"
10325,"ORF1ab",3354,3,3,0,0,3,0,0,0,"G/tc","V/FL"
10323,"ORF1ab",3353,3,3,0,0,1,1,1,0,"A/g","K/R"
10213,"ORF1ab",3316,3,2,0,1,2,0,0,0,"T/gc","N/KN"
10202,"ORF1ab",3313,3,3,0,0,2,0,1,0,"C/ta","L/FI"
10138,"ORF1ab",3291,3,0,0,0,0,1,2,0,"C/t","N/N"
9475,"ORF1ab",3070,3,0,0,3,0,0,0,0,"T/c","A/A"
9464,"ORF1ab",3067,3,3,0,1,2,0,0,0,"T/c","F/L"
9460,"ORF1ab",3065,3,3,0,1,2,0,0,0,"G/a","M/I"
9448,"ORF1ab",3061,3,0,0,1,1,1,0,0,"C/tga","A/A"
9322,"ORF1ab",3019,3,0,0,1,2,0,0,0,"T/c","C/C"
9295,"ORF1ab",3010,3,0,0,3,0,0,0,0,"T/c","Y/Y"
9286,"ORF1ab",3007,3,0,0,0,1,2,0,0,"C/t","N/N"
9266,"ORF1ab",3001,3,3,0,1,2,0,0,0,"A/gt","S/GC"
8927,"ORF1ab",2888,3,3,0,1,0,2,0,0,"G/ta","V/FI"
8889,"ORF1ab",2875,3,3,0,1,2,0,0,0,"G/tca","R/PLH"
8827,"ORF1ab",2854,3,2,0,1,2,0,0,0,"T/ga","I/MI"
8582,"ORF1ab",2773,3,1,0,1,2,0,0,0,"T/ca","L/LI"
8561,"ORF1ab",2766,3,3,0,0,3,0,0,0,"G/ta","V/FI"
8489,"ORF1ab",2742,3,0,0,0,2,0,1,0,"T/c","L/L"
8343,"ORF1ab",2693,3,3,0,0,2,1,0,0,"A/ct","D/AV"
8107,"ORF1ab",2614,3,0,0,2,1,0,0,0,"A/gt","A/A"
8008,"ORF1ab",2581,3,0,0,2,1,0,0,0,"T/cg","G/G"
7936,"ORF1ab",2557,3,0,0,0,1,1,1,0,"G/ta","A/A"
7912,"ORF1ab",2549,3,2,0,1,2,0,0,0,"T/gca","C/WC*"
7750,"ORF1ab",2495,3,0,0,1,2,0,0,0,"A/gt","T/T"
7735,"ORF1ab",2490,3,0,0,0,0,2,1,0,"C/t","I/I"
7586,"ORF1ab",2441,3,3,0,1,2,0,0,0,"G/tca","G/SRC"
7565,"ORF1ab",2434,3,3,0,1,2,0,0,0,"T/ca","F/LI"
7464,"ORF1ab",2400,3,3,0,1,1,1,0,0,"T/cg","V/AG"
7388,"ORF1ab",2375,3,3,0,0,3,0,0,0,"G/ac","A/TP"
7299,"ORF1ab",2345,3,3,0,1,0,1,1,0,"C/t","A/V"
7262,"ORF1ab",2333,3,3,1,0,1,2,0,0,"CT/gca","LF/VLI"
7236,"ORF1ab",2324,3,3,0,2,1,0,0,0,"T/gc","V/GA"
7225,"ORF1ab",2320,3,0,0,1,1,1,0,0,"T/c","A/A"
7204,"ORF1ab",2313,3,0,0,0,3,0,0,0,"T/c","S/S"
7067,"ORF1ab",2268,3,3,0,0,0,3,0,0,"G/ta","E/*K"
7059,"ORF1ab",2265,3,3,0,0,2,1,0,0,"G/at","G/DV"
6527,"ORF1ab",2088,3,3,0,2,1,0,0,0,"G/a","E/K"
6516,"ORF1ab",2084,3,3,0,2,1,0,0,0,"T/c","L/S"
6367,"ORF1ab",2034,3,0,0,2,1,0,0,0,"G/a","Q/Q"
6361,"ORF1ab",2032,3,0,0,0,3,0,0,0,"C/t","D/D"
5804,"ORF1ab",1847,3,3,0,0,3,0,0,0,"T/c","C/R"
5803,"ORF1ab",1846,3,1,0,0,2,1,0,0,"T/ca","Y/Y*"
5699,"ORF1ab",1812,3,3,0,2,1,0,0,0,"G/at","A/TS"
5691,"ORF1ab",1809,3,3,0,1,2,0,0,0,"C/t","A/V"
5349,"ORF1ab",1695,3,3,0,0,3,0,0,0,"T/c","L/P"
5272,"ORF1ab",1669,3,3,0,1,2,0,0,0,"G/ac","W/*C"
5238,"ORF1ab",1658,3,3,0,1,2,0,0,0,"A/g","Y/C"
5183,"ORF1ab",1640,3,3,0,1,0,2,0,0,"C/t","P/S"
5127,"ORF1ab",1621,3,3,0,0,1,1,0,1,"T/c","L/S"
4897,"ORF1ab",1544,3,2,0,2,0,1,0,0,"C/at","F/LF"
4893,"ORF1ab",1543,3,3,0,0,1,1,1,0,"C/t","T/I"
4833,"ORF1ab",1523,3,3,0,1,2,0,0,0,"T/c","L/P"
4832,"ORF1ab",1523,3,0,0,0,1,0,2,0,"C/t","L/L"
4782,"ORF1ab",1506,3,3,0,1,2,0,0,0,"C/t","S/L"
4660,"ORF1ab",1465,3,1,0,1,2,0,0,0,"T/ca","Y/Y*"
4634,"ORF1ab",1457,3,1,0,1,2,0,0,0,"T/ca","L/LI"
4633,"ORF1ab",1456,3,0,0,0,2,0,1,0,"C/tg","G/G"
4521,"ORF1ab",1419,3,3,0,2,1,0,0,0,"G/at","G/DV"
4505,"ORF1ab",1414,3,3,0,1,0,1,1,0,"G/tc","G/CR"
4289,"ORF1ab",1342,3,3,0,1,2,0,0,0,"G/a","A/T"
4288,"ORF1ab",1341,3,0,0,0,3,0,0,0,"G/a","E/E"
4286,"ORF1ab",1341,3,3,0,2,1,0,0,0,"G/at","E/K*"
4282,"ORF1ab",1339,3,0,0,3,0,0,0,0,"A/tgc","V/V"
4114,"ORF1ab",1283,3,0,0,0,3,0,0,0,"T/c","A/A"
4109,"ORF1ab",1282,3,3,0,0,0,3,0,0,"G/ct","D/HY"
3994,"ORF1ab",1243,3,0,0,1,1,1,0,0,"G/ta","L/L"
3991,"ORF1ab",1242,3,0,0,0,3,0,0,0,"T/c","T/T"
3914,"ORF1ab",1217,3,3,0,1,2,0,0,0,"G/tca","E/QK*"
3883,"ORF1ab",1206,3,0,0,0,3,0,0,0,"T/c","I/I"
3470,"ORF1ab",1069,3,3,0,1,2,0,0,0,"G/a","G/R"
3469,"ORF1ab",1068,3,0,0,0,3,0,0,0,"A/ct","G/G"
3411,"ORF1ab",1049,3,3,0,0,1,0,2,0,"C/t","A/V"
3393,"ORF1ab",1043,3,3,0,0,3,0,0,0,"C/t","A/V"
3317,"ORF1ab",1018,3,3,0,0,0,3,0,0,"C/t","P/S"
3241,"ORF1ab",992,3,2,0,1,2,0,0,0,"C/at","D/ED"
3199,"ORF1ab",978,3,1,0,1,2,0,0,0,"T/cg","D/DE"
3177,"ORF1ab",971,3,3,1,0,2,0,1,0,"CT/tc","PL/LP"
3115,"ORF1ab",950,3,0,0,0,3,0,0,0,"T/c","G/G"
3070,"ORF1ab",935,3,0,0,2,1,0,0,0,"T/c","D/D"
3000,"ORF1ab",912,3,3,0,1,2,0,0,0,"G/at","G/DV"
2911,"ORF1ab",882,3,0,0,2,0,0,0,1,"T/c","T/T"
2737,"ORF1ab",824,3,0,0,0,3,0,0,0,"T/c","T/T"
2667,"ORF1ab",801,3,3,0,2,1,0,0,0,"C/t","A/V"
2607,"ORF1ab",781,3,3,0,0,2,1,0,0,"C/t","T/I"
2572,"ORF1ab",769,3,0,0,2,1,0,0,0,"T/ca","P/P"
2492,"ORF1ab",743,3,3,0,1,2,0,0,0,"G/a","E/K"
2468,"ORF1ab",735,3,3,0,0,3,0,0,0,"G/ac","A/TP"
2438,"ORF1ab",725,3,3,0,0,3,0,0,0,"G/ac","E/KQ"
2404,"ORF1ab",713,3,0,0,1,2,0,0,0,"A/tgc","S/S"
2282,"ORF1ab",673,3,3,0,0,1,2,0,0,"G/ac","E/KQ"
2281,"ORF1ab",672,3,2,0,0,2,1,0,0,"G/tca","K/NK"
2272,"ORF1ab",669,3,0,0,2,1,0,0,0,"G/a","K/K"
2270,"ORF1ab",669,3,3,0,0,3,0,0,0,"A/gt","K/E*"
2129,"ORF1ab",622,3,3,0,1,1,1,0,0,"G/a","E/K"
2095,"ORF1ab",610,3,0,0,1,1,0,1,0,"G/a","S/S"
1970,"ORF1ab",569,3,3,0,0,2,1,0,0,"A/tgc","I/LV"
1929,"ORF1ab",555,3,3,1,0,2,0,1,0,"CT/tc","AV/VA"
1919,"ORF1ab",552,3,3,0,1,1,1,0,0,"C/t","L/F"
1730,"ORF1ab",489,3,3,0,0,0,3,0,0,"G/a","E/K"
1684,"ORF1ab",473,3,0,0,1,1,1,0,0,"C/t","I/I"
1599,"ORF1ab",445,3,3,1,2,0,0,1,0,"GT/tgc","GV/VGA"
1547,"ORF1ab",428,3,3,0,0,0,0,0,3,"A/t","S/C"
1469,"ORF1ab",402,3,3,0,0,2,0,1,0,"C/t","R/C"
1398,"ORF1ab",378,3,3,0,1,0,0,2,0,"T/ac","V/EA"
1308,"ORF1ab",348,3,3,0,1,1,1,0,0,"A/tg","N/IS"
1218,"ORF1ab",318,3,3,0,0,1,2,0,0,"C/ta","S/L*"
1140,"ORF1ab",292,3,3,0,1,2,0,0,0,"A/g","K/R"
1076,"ORF1ab",271,3,3,0,1,1,0,1,0,"C/t","P/S"
791,"ORF1ab",176,3,3,0,3,0,0,0,0,"G/a","E/K"
789,"ORF1ab",175,3,3,0,2,1,0,0,0,"G/ac","R/HP"
633,"ORF1ab",123,3,3,0,2,1,0,0,0,"T/gc","L/RP"
587,"ORF1ab",108,3,3,0,1,2,0,0,0,"G/at","V/IF"
583,"ORF1ab",106,3,0,1,0,2,0,0,1,"CT/tc","V/V"
565,"ORF1ab",100,3,1,0,0,3,0,0,0,"T/cg","S/SR"
558,"ORF1ab",98,3,3,0,0,0,3,0,0,"G/t","G/V"
369,"ORF1ab",35,3,3,0,2,1,0,0,0,"T/gc","V/GA"
356,"ORF1ab",31,3,3,0,2,1,0,0,0,"T/gc","F/VL"
348,"ORF1ab",28,3,3,0,1,2,0,0,0,"T/ca","V/AE"
203,"5'UTR",68,3,0,0,0,0,1,2,0,"C/t","NA/NA"
100,"5'UTR",34,3,0,0,1,2,0,0,0,"C/t","NA/NA"
29633,"ORF10",26,2,2,0,0,1,0,1,0,"T/c","Y/H"
29601,"ORF10",15,2,2,0,0,0,2,0,0,"G/t","S/I"
29585,"ORF10",10,2,2,1,0,0,1,1,0,"TC/tc","SP/SP"
29581,"ORF10",8,2,0,0,0,2,0,0,0,"T/c","A/A"
29559,"ORF10",1,2,2,1,2,0,0,0,0,"TC/tc","TM/TM"
29518,"N",415,2,0,0,0,0,2,0,0,"C/t","D/D"
29505,"N",411,2,2,0,1,1,0,0,0,"T/a","M/K"
29497,"N",408,2,2,0,2,0,0,0,0,"A/tc","Q/H"
29427,"N",385,2,2,0,1,1,0,0,0,"G/ta","R/KI"
29414,"N",381,2,2,0,0,1,1,0,0,"G/t","A/S"
29402,"N",377,2,2,0,0,1,1,0,0,"G/t","D/Y"
29392,"N",373,2,1,0,0,2,0,0,0,"G/ta","K/NK"
29386,"N",371,2,0,0,0,0,1,1,0,"C/t","D/D"
29384,"N",371,2,2,0,0,2,0,0,0,"G/ta","D/YN"
29382,"N",370,2,2,0,1,1,0,0,0,"A/tg","K/RM"
29381,"N",370,2,2,0,1,1,0,0,0,"A/tg","K/E*"
29380,"N",369,2,2,0,0,2,0,0,0,"A/t","K/N"
29375,"N",368,2,2,0,1,1,0,0,0,"C/t","P/S"
29353,"N",360,2,0,0,0,0,2,0,0,"C/t","Y/Y"
29345,"N",358,2,2,0,0,2,0,0,0,"G/c","D/H"
29330,"N",353,2,0,0,0,2,0,0,0,"C/t","L/L"
29309,"N",346,2,2,0,0,2,0,0,0,"T/c","F/L"
29240,"N",323,2,2,2,0,0,2,0,0,"A/g","K/E"
29227,"N",318,2,0,0,1,1,0,0,0,"G/tc","S/S"
29196,"N",308,2,2,0,0,2,0,0,0,"C/t","A/V"
29136,"N",288,2,2,0,0,2,0,0,0,"A/g","D/G"
29135,"N",288,2,2,0,1,1,0,0,0,"G/a","D/N"
29133,"N",287,2,2,0,0,2,0,0,0,"G/ta","G/VE"
29119,"N",282,2,0,0,0,1,0,0,1,"C/t","T/T"
29097,"N",275,2,2,0,0,2,0,0,0,"G/ta","G/VD"
29095,"N",274,2,0,0,2,0,0,0,0,"C/t","F/F"
29090,"N",273,2,2,0,0,2,0,0,0,"G/ta","A/TS"
29077,"N",268,2,0,0,1,0,1,0,0,"C/t","Y/Y"
29041,"N",256,2,1,0,1,1,0,0,0,"G/ca","K/NK"
29036,"N",255,2,2,0,0,0,2,0,0,"T/a","S/T"
29032,"N",253,2,0,0,0,0,2,0,0,"G/a","E/E"
29029,"N",252,2,0,0,0,0,1,1,0,"T/gc","A/A"
29024,"N",251,2,2,0,0,0,1,1,0,"G/t","A/S"
29018,"N",249,2,2,0,0,1,1,0,0,"A/tg","K/E*"
29002,"N",243,2,0,0,0,2,0,0,0,"C/ta","G/G"
28978,"N",235,2,0,0,0,1,1,0,0,"T/ca","S/S"
28932,"N",220,2,2,0,0,2,0,0,0,"C/t","A/V"
28927,"N",218,2,0,0,0,1,1,0,0,"T/gc","A/A"
28916,"N",215,2,2,0,0,0,1,1,0,"G/a","G/S"
28899,"N",209,2,2,0,0,1,1,0,0,"G/t","R/I"
28868,"N",199,2,2,0,0,1,1,0,0,"C/t","P/S"
28857,"N",195,2,2,0,0,1,1,0,0,"G/ca","R/TK"
28819,"N",182,2,0,0,1,0,0,1,0,"C/t","A/A"
28811,"N",180,2,2,0,1,1,0,0,0,"A/tg","S/GC"
28805,"N",178,2,2,0,0,2,0,0,0,"G/a","G/S"
28784,"N",171,2,2,0,0,2,0,0,0,"T/ga","F/VI"
28749,"N",159,2,2,0,0,2,0,0,0,"T/c","L/P"
28748,"N",159,2,0,0,0,1,1,0,0,"C/t","L/L"
28739,"N",156,2,2,0,0,2,0,0,0,"G/ta","A/TS"
28711,"N",146,2,1,0,0,0,2,0,0,"T/ga","I/MI"
28708,"N",145,2,0,0,0,1,1,0,0,"C/t","H/H"
28695,"N",141,2,2,0,0,2,0,0,0,"C/t","T/I"
28651,"N",126,2,0,1,1,0,1,0,0,"TC/tc","N/N"
28649,"N",126,2,2,0,0,2,0,0,0,"A/g","N/D"
28634,"N",121,2,2,0,2,0,0,0,0,"C/t","L/F"
28603,"N",110,2,0,0,0,0,2,0,0,"C/t","F/F"
28568,"N",99,2,2,0,0,1,0,1,0,"G/ta","G/SC"
28525,"N",84,2,0,0,1,1,0,0,0,"T/ca","I/I"
28512,"N",80,2,2,0,0,1,1,0,0,"C/tg","P/RL"
28504,"N",77,2,1,0,1,1,0,0,0,"T/gc","N/NK"
28503,"N",77,2,2,0,1,1,0,0,0,"A/tg","N/SI"
28474,"N",67,2,0,0,0,2,0,0,0,"T/ca","P/P"
28452,"N",60,2,2,0,0,2,0,0,0,"G/a","G/D"
28397,"N",42,2,2,0,1,1,0,0,0,"C/ta","P/TS"
28378,"N",35,2,0,0,0,0,1,1,0,"G/t","A/A"
28368,"N",32,2,2,1,0,1,1,0,0,"GA/ga","RH/RH"
28339,"N",22,2,0,0,1,1,0,0,0,"T/c","D/D"
28315,"N",14,2,0,0,0,2,0,0,0,"C/t","R/R"
28292,"N",7,2,2,0,0,0,1,1,0,"C/ta","Q/K*"
28269,"none","NA",2,0,0,0,2,0,0,0,"C/t","NA/NA"
28209,"ORF8",106,2,2,1,0,0,1,1,0,"TG/tg","E*/E*"
28182,"ORF8",97,2,2,0,2,0,0,0,0,"A/tg","S/GC"
28177,"ORF8",95,2,2,0,2,0,0,0,0,"T/ca","L/S*"
28176,"ORF8",95,2,2,0,0,2,0,0,0,"T/ga","L/VM"
28163,"ORF8",90,2,0,0,0,2,0,0,0,"C/t","C/C"
28120,"ORF8",76,2,2,0,2,0,0,0,0,"T/c","I/T"
28087,"ORF8",65,2,2,0,1,1,0,0,0,"C/t","A/V"
28079,"ORF8",62,2,0,0,0,1,1,0,0,"G/t","V/V"
28077,"ORF8",62,2,2,0,0,0,1,1,0,"G/t","V/L"
28073,"ORF8",60,2,2,0,0,2,0,0,0,"G/t","L/F"
27990,"ORF8",33,2,2,0,2,0,0,0,0,"G/a","V/I"
27939,"ORF8",16,2,2,0,0,2,0,0,0,"T/c","F/L"
27919,"ORF8",9,2,2,0,0,0,1,1,0,"T/c","I/T"
27915,"ORF8",8,2,2,0,0,0,1,1,0,"G/a","G/R"
27890,"none","NA",2,0,0,1,0,0,1,0,"G/ca","NA/NA"
27881,"ORF7",163,2,2,0,0,2,0,0,0,"C/t","T/M"
27878,"ORF7",162,2,2,0,1,1,0,0,0,"T/c","V/A"
27868,"ORF7",159,2,2,0,0,2,0,0,0,"A/g","M/V"
27845,"ORF7",151,2,2,1,0,2,0,0,0,"TC/tc","SF/SF"
27828,"ORF7",145,2,1,0,2,0,0,0,0,"C/tg","C/WC"
27810,"ORF7",139,2,0,0,0,0,2,0,0,"T/c","Y/Y"
27807,"ORF7",138,2,0,0,1,1,0,0,0,"C/t","C/C"
27801,"ORF7",136,2,0,0,1,1,0,0,0,"T/gc","P/P"
27790,"ORF7",133,2,2,0,1,1,0,0,0,"G/tc","A/SP"
27766,"ORF7",125,2,2,0,2,0,0,0,0,"T/c","F/L"
27761,"ORF7",123,2,2,1,1,0,0,1,0,"TC/tc","SL/SL"
27752,"ORF7",120,2,2,0,1,1,0,0,0,"C/ga","T/RK"
27751,"ORF7",120,2,2,0,1,1,0,0,0,"A/tg","T/SA"
27725,"ORF7",111,2,2,0,0,2,0,0,0,"C/ta","T/KI"
27708,"ORF7",105,2,0,0,1,1,0,0,0,"G/ta","A/A"
27675,"ORF7",94,2,2,0,1,1,0,0,0,"A/c","Q/H"
27629,"ORF7",79,2,2,0,1,1,0,0,0,"C/ta","A/VD"
27620,"ORF7",76,2,2,0,0,1,0,1,0,"A/gc","Q/RP"
27603,"ORF7",70,2,0,0,0,2,0,0,0,"C/t","G/G"
27597,"ORF7",68,2,0,0,0,2,0,0,0,"T/c","P/P"
27596,"ORF7",68,2,2,0,0,2,0,0,0,"C/ta","P/LH"
27582,"ORF7",63,2,1,0,0,1,1,0,0,"T/gc","F/LF"
27580,"ORF7",63,2,2,1,1,1,0,0,0,"TC/tc","LF/LF"
27577,"ORF7",62,2,2,0,1,1,0,0,0,"C/t","Q/*"
27557,"ORF7",55,2,2,0,1,1,0,0,0,"C/t","A/V"
27549,"ORF7",52,2,0,1,1,0,1,0,0,"TC/tc","N/N"
27516,"ORF7",41,2,0,0,0,2,0,0,0,"G/a","E/E"
27476,"ORF7",28,2,2,0,0,0,1,0,1,"C/t","T/I"
27407,"ORF7",5,2,2,0,1,1,0,0,0,"T/c","L/P"
27384,"ORF6",61,2,0,0,0,0,0,2,0,"T/c","D/D"
27371,"ORF6",57,2,2,0,1,1,0,0,0,"C/t","P/L"
27366,"ORF6",55,2,0,0,0,2,0,0,0,"G/a","E/E"
27278,"ORF6",26,2,2,0,0,2,0,0,0,"T/ca","I/TN"
27261,"ORF6",20,2,1,0,2,0,0,0,0,"G/ta","R/SR"
27258,"ORF6",19,2,2,1,1,1,0,0,0,"TG/tg","MI/MI"
27191,"M",223,2,1,0,1,1,0,0,0,"A/gc","*/Y*"
27186,"M",222,2,2,0,0,2,0,0,0,"C/t","Q/*"
27106,"M",195,2,2,0,0,0,1,1,0,"C/tg","A/VG"
27105,"M",195,2,2,0,1,0,1,0,0,"G/tc","A/SP"
27076,"M",185,2,2,0,1,0,0,1,0,"A/g","Q/R"
27069,"M",183,2,2,0,0,2,0,0,0,"G/ta","A/TS"
27013,"M",164,2,2,0,0,2,0,0,0,"T/c","L/P"
27005,"M",161,2,0,0,0,1,1,0,0,"C/t","I/I"
26998,"M",159,2,2,0,1,1,0,0,0,"G/tc","C/SF"
26997,"M",159,2,2,0,1,1,0,0,0,"T/gc","C/RG"
26995,"M",158,2,2,0,1,0,1,0,0,"G/ta","R/LH"
26985,"M",155,2,2,0,0,1,0,1,0,"C/t","H/Y"
26934,"M",138,2,2,0,1,1,0,0,0,"C/t","L/F"
26922,"M",134,2,0,0,0,1,0,1,0,"C/t","L/L"
26895,"M",125,2,2,0,0,2,0,0,0,"C/t","H/Y"
26885,"M",121,2,0,0,0,1,1,0,0,"C/t","N/N"
26882,"M",120,2,0,0,0,1,1,0,0,"C/t","L/L"
26853,"M",111,2,2,0,1,1,0,0,0,"T/c","S/P"
26823,"M",101,2,0,0,0,2,0,0,0,"A/c","R/R"
26801,"M",93,2,0,0,0,0,1,1,0,"C/t","L/L"
26753,"M",77,2,0,0,0,1,0,1,0,"C/t","T/T"
26750,"M",76,2,0,0,0,1,1,0,0,"C/ta","I/I"
26735,"M",71,2,1,0,1,1,0,0,0,"C/tg","Y/Y*"
26643,"M",41,2,2,0,1,1,0,0,0,"A/tg","N/YD"
26640,"M",40,2,2,0,1,0,0,1,0,"G/c","A/P"
26609,"M",29,2,0,0,1,1,0,0,0,"T/c","L/L"
26551,"M",10,2,2,0,0,1,0,1,0,"T/c","V/A"
26549,"M",9,2,0,0,1,0,0,1,0,"C/t","T/T"
26529,"M",3,2,2,0,1,1,0,0,0,"G/ta","D/YN"
26528,"M",2,2,0,0,1,1,0,0,0,"A/tg","A/A"
26492,"none","NA",2,0,0,2,0,0,0,0,"A/tg","NA/NA"
26478,"none","NA",2,0,0,1,1,0,0,0,"C/t","NA/NA"
26468,"E",75,2,2,0,0,2,0,0,0,"T/c","V/A"
26456,"E",71,2,2,0,0,1,0,1,0,"C/t","P/L"
26416,"E",58,2,2,1,1,0,1,0,0,"GC/tg","VL/VF"
26355,"E",37,2,0,0,0,1,0,0,1,"T/c","L/L"
26354,"E",37,2,2,0,1,1,0,0,0,"T/ca","L/PH"
26333,"E",30,2,2,0,1,0,1,0,0,"C/t","T/I"
26306,"E",21,2,2,0,0,2,0,0,0,"T/c","L/P"
26301,"E",19,2,0,0,1,1,0,0,0,"T/c","L/L"
26284,"E",14,2,2,0,1,0,1,0,0,"G/ta","V/IF"
26224,"none","NA",2,0,0,0,1,0,1,0,"C/t","NA/NA"
26222,"none","NA",2,0,0,0,0,0,2,0,"C/ta","NA/NA"
26202,"ORF3a",270,2,0,0,0,2,0,0,0,"T/c","T/T"
26152,"ORF3a",254,2,2,0,0,0,0,2,0,"G/a","G/R"
26119,"ORF3a",243,2,2,0,0,1,0,1,0,"C/t","H/Y"
26111,"ORF3a",240,2,2,1,0,1,1,0,0,"TC/tc","PL/PL"
26065,"ORF3a",225,2,2,0,0,0,2,0,0,"G/ta","V/IF"
26022,"ORF3a",210,2,0,0,1,0,0,1,0,"C/t","D/D"
25996,"ORF3a",202,2,2,0,0,1,1,0,0,"G/t","V/L"
25986,"ORF3a",198,2,0,0,0,2,0,0,0,"A/g","K/K"
25914,"ORF3a",174,2,0,0,1,1,0,0,0,"C/a","G/G"
25913,"ORF3a",174,2,2,0,1,1,0,0,0,"G/t","G/V"
25904,"ORF3a",171,2,2,0,1,1,0,0,0,"C/t","S/L"
25874,"ORF3a",161,2,2,0,1,1,0,0,0,"A/tg","N/SI"
25857,"ORF3a",155,2,0,0,0,2,0,0,0,"C/t","D/D"
25798,"ORF3a",136,2,2,1,0,0,2,0,0,"CA/ta","QK/K*"
25794,"ORF3a",134,2,0,0,0,1,0,1,0,"T/ca","R/R"
25792,"ORF3a",134,2,2,0,0,0,1,1,0,"C/t","R/C"
25781,"ORF3a",130,2,2,0,1,1,0,0,0,"G/a","C/Y"
25720,"ORF3a",110,2,2,0,0,1,1,0,0,"G/a","A/T"
25705,"ORF3a",105,2,2,0,1,0,1,0,0,"T/ga","F/VI"
25685,"ORF3a",98,2,2,1,0,0,2,0,0,"TC/tc","VA/VA"
25644,"ORF3a",84,2,0,0,0,0,2,0,0,"G/t","L/L"
25576,"ORF3a",62,2,2,0,0,0,0,2,0,"A/g","I/V"
25555,"ORF3a",55,2,2,0,0,1,1,0,0,"G/t","V/F"
25552,"ORF3a",54,2,2,2,0,0,2,0,0,"T/g","S/A"
25514,"ORF3a",41,2,2,0,0,2,0,0,0,"T/ga","L/RH"
25482,"ORF3a",30,2,0,0,1,0,0,0,1,"C/t","R/R"
25477,"ORF3a",29,2,2,0,0,0,2,0,0,"G/t","V/F"
25463,"ORF3a",24,2,2,0,0,0,1,0,1,"C/ta","T/NI"
25447,"ORF3a",19,2,2,0,0,1,1,0,0,"G/ta","E/K*"
25442,"ORF3a",17,2,2,0,0,2,0,0,0,"A/g","Q/R"
25429,"ORF3a",13,2,2,0,1,0,1,0,0,"G/t","V/L"
25394,"ORF3a",1,2,2,0,0,2,0,0,0,"T/gc","M/TR"
25387,"none","NA",2,0,0,1,1,0,0,0,"G/ca","NA/NA"
25349,"S",1263,2,2,0,0,2,0,0,0,"C/t","P/S"
25333,"S",1257,2,0,0,0,1,1,0,0,"T/c","D/D"
25320,"S",1253,2,2,0,2,0,0,0,0,"G/ta","C/YF"
25296,"S",1245,2,2,0,2,0,0,0,0,"A/t","K/M"
25282,"S",1240,2,0,0,2,0,0,0,0,"C/t","C/C"
25203,"S",1214,2,2,1,0,1,0,1,0,"TG/tg","WL/WL"
25177,"S",1205,2,1,0,0,1,0,1,0,"G/ca","K/NK"
25169,"S",1203,2,2,0,1,1,0,0,0,"C/t","L/F"
25145,"S",1195,2,2,0,0,1,1,0,0,"G/c","E/Q"
25133,"S",1191,2,2,1,1,0,0,0,1,"CA/ga","QK/KE"
25128,"S",1189,2,2,0,0,2,0,0,0,"T/ca","V/DA"
25116,"S",1185,2,2,0,1,1,0,0,0,"G/a","R/H"
25095,"S",1178,2,2,0,0,2,0,0,0,"A/g","N/S"
25091,"S",1177,2,2,0,0,1,1,0,0,"G/tc","V/L"
25046,"S",1162,2,2,0,0,1,1,0,0,"C/t","P/S"
25014,"S",1151,2,2,0,0,2,0,0,0,"A/g","E/G"
24998,"S",1146,2,2,0,0,2,0,0,0,"G/a","D/N"
24932,"S",1124,2,2,0,0,2,0,0,0,"G/a","G/S"
24926,"S",1122,2,2,0,1,0,0,1,0,"G/ta","V/ML"
24923,"S",1121,2,2,0,1,1,0,0,0,"T/gc","F/VL"
24910,"S",1116,2,0,0,1,1,0,0,0,"T/c","T/T"
24909,"S",1116,2,2,1,1,1,0,0,0,"TC/ca","TI/TN"
24887,"S",1109,2,2,0,0,0,0,2,0,"T/a","F/I"
24821,"S",1087,2,2,0,0,1,1,0,0,"G/t","A/S"
24816,"S",1085,2,2,0,0,1,1,0,0,"G/t","G/V"
24769,"S",1069,2,0,0,1,1,0,0,0,"T/c","P/P"
24757,"S",1065,2,0,0,1,0,1,0,0,"G/ta","V/V"
24745,"S",1061,2,0,0,0,2,0,0,0,"C/ta","V/V"
24728,"S",1056,2,2,0,1,1,0,0,0,"G/a","A/T"
24709,"S",1049,2,0,0,1,1,0,0,0,"T/c","L/L"
24697,"S",1045,2,1,0,1,1,0,0,0,"G/ta","K/NK"
24696,"S",1045,2,2,0,0,2,0,0,0,"A/gc","K/TR"
24668,"S",1036,2,2,0,1,1,0,0,0,"C/t","Q/*"
24637,"S",1025,2,0,0,0,1,0,0,1,"T/c","A/A"
24558,"S",999,2,2,0,1,1,0,0,0,"G/ca","G/DA"
24535,"S",991,2,0,0,1,1,0,0,0,"G/ta","V/V"
24474,"S",971,2,2,0,0,1,1,0,0,"G/t","G/V"
24428,"S",956,2,2,0,1,1,0,0,0,"G/ta","A/TS"
24417,"S",952,2,2,0,1,1,0,0,0,"T/ca","V/DA"
24395,"S",945,2,2,0,0,2,0,0,0,"C/t","L/F"
24393,"S",944,2,2,0,2,0,0,0,0,"C/t","A/V"
24380,"S",940,2,2,0,1,1,0,0,0,"T/gc","S/PA"
24283,"S",907,2,0,0,0,2,0,0,0,"T/c","N/N"
24278,"S",906,2,2,0,0,0,0,2,0,"T/a","F/I"
24277,"S",905,2,0,0,0,1,0,1,0,"G/a","R/R"
24269,"S",903,2,2,0,0,1,0,1,0,"G/ca","A/TP"
24223,"S",887,2,0,0,0,2,0,0,0,"C/ta","T/T"
24154,"S",864,2,0,0,0,2,0,0,0,"G/a","L/L"
24138,"S",859,2,2,0,0,0,2,0,0,"C/t","T/I"
24124,"S",854,2,2,0,0,1,1,0,0,"G/t","K/N"
24102,"S",847,2,2,1,0,0,2,0,0,"GA/tg","RK/RI"
24057,"S",832,2,2,0,0,1,0,1,0,"G/a","G/D"
24053,"S",831,2,2,0,0,1,0,1,0,"G/a","A/T"
24050,"S",830,2,2,0,0,0,1,1,0,"G/ca","D/NH"
24041,"S",827,2,2,0,0,2,0,0,0,"A/tg","T/SA"
24023,"S",821,2,0,0,0,1,1,0,0,"C/t","L/L"
24014,"S",818,2,2,0,2,0,0,0,0,"A/g","I/V"
23999,"S",813,2,2,0,0,2,0,0,0,"A/g","S/G"
23993,"S",811,2,2,0,0,2,0,0,0,"A/g","K/E"
23990,"S",810,2,2,0,0,2,0,0,0,"T/c","S/P"
23989,"S",809,2,0,0,0,2,0,0,0,"A/g","P/P"
23912,"S",784,2,2,0,1,0,0,1,0,"C/t","Q/*"
23903,"S",781,2,2,0,1,1,0,0,0,"G/t","V/F"
23811,"S",750,2,2,0,0,2,0,0,0,"G/a","S/N"
23782,"S",740,2,2,1,0,1,1,0,0,"TG/ga","MI/MI"
23770,"S",736,2,0,0,1,1,0,0,0,"A/g","V/V"
23755,"S",731,2,2,0,1,1,0,0,0,"G/tc","M/I"
23728,"S",722,2,0,0,2,0,0,0,0,"T/c","V/V"
23718,"S",719,2,2,0,0,1,0,1,0,"C/t","T/I"
23710,"S",716,2,0,0,0,2,0,0,0,"A/t","T/T"
23699,"S",713,2,2,0,0,2,0,0,0,"G/ca","A/TP"
23678,"S",706,2,2,0,0,1,1,0,0,"G/t","A/S"
23625,"S",688,2,2,1,1,0,1,0,0,"TC/tc","VA/VA"
23613,"S",684,2,2,0,1,0,0,1,0,"C/t","A/V"
23608,"S",682,2,0,0,1,0,0,1,0,"G/t","R/R"
23606,"S",682,2,1,0,2,0,0,0,0,"C/ta","R/WR"
23580,"S",673,2,2,0,0,0,1,1,0,"G/t","S/I"
23577,"S",672,2,2,0,1,1,0,0,0,"C/t","A/V"
23568,"S",669,2,2,0,0,1,1,0,0,"G/t","G/V"
23562,"S",667,2,2,0,1,0,0,1,0,"G/ta","G/VD"
23534,"S",658,2,2,0,0,0,0,2,0,"A/c","N/H"
23525,"S",655,2,2,0,0,0,1,1,0,"C/t","H/Y"
23517,"S",652,2,2,0,0,2,0,0,0,"G/tc","G/VA"
23492,"S",644,2,2,0,0,0,1,1,0,"C/ta","Q/K*"
23443,"S",627,2,0,0,1,1,0,0,0,"T/c","D/D"
23426,"S",622,2,2,0,0,0,2,0,0,"G/ta","V/IF"
23398,"S",612,2,0,0,0,1,1,0,0,"T/c","Y/Y"
23325,"S",588,2,2,0,2,0,0,0,0,"C/t","T/I"
23309,"S",583,2,2,0,0,0,2,0,0,"G/c","E/Q"
23291,"S",577,2,2,0,1,1,0,0,0,"C/t","R/C"
23236,"S",558,2,2,1,1,1,0,0,0,"TG/tg","NK/NK"
23206,"S",548,2,0,0,0,2,0,0,0,"C/ta","G/G"
23203,"S",547,2,0,0,1,1,0,0,0,"A/tg","T/T"
23202,"S",547,2,2,0,1,1,0,0,0,"C/t","T/I"
23163,"S",534,2,2,0,2,0,0,0,0,"T/ca","V/DA"
23017,"S",485,2,0,0,0,2,0,0,0,"T/g","G/G"
22988,"S",476,2,2,0,0,0,0,2,0,"G/a","G/S"
22979,"S",473,2,2,0,0,2,0,0,0,"T/ca","Y/NH"
22977,"S",472,2,2,0,0,2,0,0,0,"T/gc","I/TS"
22948,"S",462,2,1,0,1,1,0,0,0,"A/gc","K/NK"
22919,"S",453,2,2,0,2,0,0,0,0,"T/ca","Y/NH"
22918,"S",452,2,0,0,0,2,0,0,0,"G/a","L/L"
22867,"S",435,2,0,0,2,0,0,0,0,"T/gc","A/A"
22835,"S",425,2,1,0,0,2,0,0,0,"T/gc","L/VL"
22820,"S",420,2,2,0,0,2,0,0,0,"G/tc","D/YH"
22807,"S",415,2,0,0,0,2,0,0,0,"T/c","T/T"
22685,"S",375,2,2,0,1,1,0,0,0,"T/c","S/P"
22675,"S",371,2,0,0,0,2,0,0,0,"C/t","S/S"
22661,"S",367,2,2,0,0,0,1,1,0,"G/ta","V/IF"
22591,"S",343,2,0,0,1,1,0,0,0,"C/t","N/N"
22482,"S",307,2,2,0,2,0,0,0,0,"C/ta","T/NI"
22361,"S",267,2,2,0,0,2,0,0,0,"G/a","V/M"
22302,"S",247,2,2,0,0,0,1,1,0,"G/ta","S/NI"
22283,"S",241,2,1,0,0,2,0,0,0,"T/ca","L/LI"
22264,"S",234,2,0,0,1,1,0,0,0,"C/t","N/N"
22251,"S",230,2,2,0,1,0,0,1,0,"C/t","P/L"
22239,"S",226,2,2,0,0,2,0,0,0,"T/c","L/S"
22215,"S",218,2,2,0,1,1,0,0,0,"A/gc","Q/RP"
22214,"S",218,2,2,0,0,0,2,0,0,"C/tg","Q/E*"
22157,"S",199,2,2,0,0,2,0,0,0,"G/a","G/S"
22107,"S",182,2,2,0,1,1,0,0,0,"A/g","K/R"
22078,"S",172,2,0,0,1,0,1,0,0,"T/c","S/S"
22064,"S",168,2,2,0,0,1,1,0,0,"T/gc","F/VL"
22023,"S",154,2,2,0,1,1,0,0,0,"A/tg","E/VG"
21999,"S",146,2,2,1,0,1,1,0,0,"GA/ga","RH/RH"
21993,"S",144,2,2,0,0,0,2,0,0,"A/tg","Y/FC"
21985,"S",141,2,2,0,0,2,0,0,0,"G/t","L/F"
21954,"S",131,2,2,0,1,1,0,0,0,"G/t","C/F"
21886,"S",108,2,0,0,1,1,0,0,0,"T/c","T/T"
21881,"S",107,2,2,0,0,1,1,0,0,"G/t","G/C"
21877,"S",105,2,1,0,2,0,0,0,0,"T/gc","I/MI"
21868,"S",102,2,1,0,1,1,0,0,0,"A/tg","R/SR"
21789,"S",76,2,2,0,0,2,0,0,0,"C/ta","T/NI"
21733,"S",57,2,0,0,1,1,0,0,0,"T/c","P/P"
21731,"S",57,2,2,0,1,1,0,0,0,"C/t","P/S"
21715,"S",51,2,0,0,1,1,0,0,0,"T/ca","T/T"
21714,"S",51,2,2,0,0,1,0,1,0,"C/t","T/I"
21696,"S",45,2,2,0,1,0,1,0,0,"C/ta","S/YF"
21695,"S",45,2,2,0,1,1,0,0,0,"T/c","S/P"
21688,"S",42,2,0,0,1,1,0,0,0,"T/gc","V/V"
21686,"S",42,2,2,0,1,0,1,0,0,"G/a","V/I"
21646,"S",28,2,0,0,0,1,0,1,0,"C/t","Y/Y"
21640,"S",26,2,0,0,1,1,0,0,0,"T/ca","P/P"
21637,"S",25,2,0,0,0,2,0,0,0,"C/ta","P/P"
21627,"S",22,2,2,0,1,0,1,0,0,"C/t","T/I"
21594,"S",11,2,2,0,0,2,0,0,0,"T/c","V/A"
21544,"ORF1ab",7093,2,2,0,0,2,0,0,0,"G/c","L/F"
21458,"ORF1ab",7065,2,2,0,1,1,0,0,0,"T/c","S/P"
21450,"ORF1ab",7062,2,2,0,0,2,0,0,0,"A/tc","K/TM"
21440,"ORF1ab",7059,2,2,0,1,1,0,0,0,"C/t","L/F"
21426,"ORF1ab",7054,2,2,0,0,0,2,0,0,"T/c","V/A"
21419,"ORF1ab",7052,2,2,0,0,2,0,0,0,"T/c","*/Q"
21407,"ORF1ab",7048,2,2,0,0,1,1,0,0,"T/c","F/L"
21387,"ORF1ab",7041,2,2,0,0,0,2,0,0,"T/c","L/P"
21361,"ORF1ab",7032,2,1,0,0,2,0,0,0,"A/tg","Q/QH"
21349,"ORF1ab",7028,2,1,0,1,1,0,0,0,"T/ca","F/LF"
21330,"ORF1ab",7022,2,2,0,0,2,0,0,0,"G/c","C/S"
21249,"ORF1ab",6995,2,0,0,1,1,0,0,0,"G/a","*/*"
21246,"ORF1ab",6994,2,2,0,2,0,0,0,0,"T/g","M/R"
21234,"ORF1ab",6990,2,2,0,1,0,1,0,0,"C/t","P/L"
21170,"ORF1ab",6969,2,2,0,0,1,0,0,1,"T/ca","*/QK"
21144,"ORF1ab",6960,2,2,0,1,1,0,0,0,"T/c","L/P"
21123,"ORF1ab",6953,2,2,1,0,0,1,1,0,"TG/tg","VG/VG"
21082,"ORF1ab",6939,2,1,0,0,2,0,0,0,"G/ta","K/NK"
21037,"ORF1ab",6924,2,0,1,1,1,0,0,0,"GA/ga","S/S"
21020,"ORF1ab",6919,2,0,0,0,2,0,0,0,"C/t","L/L"
21001,"ORF1ab",6912,2,0,0,1,1,0,0,0,"T/a","I/I"
20994,"ORF1ab",6910,2,2,0,0,2,0,0,0,"T/ca","L/S*"
20976,"ORF1ab",6904,2,2,0,2,0,0,0,0,"T/c","M/T"
20947,"ORF1ab",6894,2,0,0,0,2,0,0,0,"G/ta","S/S"
20891,"ORF1ab",6876,2,2,0,0,1,0,1,0,"T/ga","L/VM"
20858,"ORF1ab",6865,2,1,0,0,1,0,1,0,"T/gc","L/VL"
20840,"ORF1ab",6859,2,2,0,0,1,0,1,0,"T/c","Y/H"
20838,"ORF1ab",6858,2,2,0,1,0,1,0,0,"T/c","L/P"
20796,"ORF1ab",6844,2,2,2,0,2,0,0,0,"G/a","S/N"
20774,"ORF1ab",6837,2,2,0,0,2,0,0,0,"G/t","A/S"
20762,"ORF1ab",6833,2,2,0,0,0,1,1,0,"C/t","H/Y"
20758,"ORF1ab",6831,2,0,0,1,1,0,0,0,"G/c","V/V"
20740,"ORF1ab",6825,2,1,0,0,2,0,0,0,"C/ta","F/LF"
20730,"ORF1ab",6822,2,2,0,0,1,0,1,0,"G/ta","S/NI"
20718,"ORF1ab",6818,2,2,0,0,1,1,0,0,"G/c","C/S"
20708,"ORF1ab",6815,2,2,0,0,1,1,0,0,"T/gc","C/RG"
20691,"ORF1ab",6809,2,2,0,1,0,0,1,0,"G/a","C/Y"
20674,"ORF1ab",6803,2,0,0,0,2,0,0,0,"C/t","G/G"
20653,"ORF1ab",6796,2,2,0,0,1,0,1,0,"T/ga","N/K"
20630,"ORF1ab",6789,2,2,0,0,2,0,0,0,"A/tg","M/VL"
20629,"ORF1ab",6788,2,0,0,0,1,1,0,0,"C/t","A/A"
20627,"ORF1ab",6788,2,2,0,0,2,0,0,0,"G/ca","A/TP"
20625,"ORF1ab",6787,2,2,0,0,2,0,0,0,"T/ca","M/TK"
20622,"ORF1ab",6786,2,2,0,0,0,0,2,0,"A/g","K/R"
20612,"ORF1ab",6783,2,2,0,2,0,0,0,0,"T/c","F/L"
20578,"ORF1ab",6771,2,2,0,0,1,1,0,0,"G/t","K/N"
20520,"ORF1ab",6752,2,2,0,0,2,0,0,0,"T/c","M/T"
20497,"ORF1ab",6744,2,0,0,1,1,0,0,0,"T/c","V/V"
20457,"ORF1ab",6731,2,2,0,0,2,0,0,0,"C/t","S/L"
20438,"ORF1ab",6725,2,2,0,0,2,0,0,0,"G/ta","V/LI"
20429,"ORF1ab",6722,2,0,0,1,1,0,0,0,"C/t","L/L"
20398,"ORF1ab",6711,2,1,0,0,1,1,0,0,"G/ta","R/SR"
20326,"ORF1ab",6687,2,0,0,1,1,0,0,0,"G/ta","S/S"
20254,"ORF1ab",6663,2,1,0,1,1,0,0,0,"G/ta","L/LF"
20234,"ORF1ab",6657,2,2,0,1,1,0,0,0,"C/t","P/S"
20225,"ORF1ab",6654,2,2,0,0,2,0,0,0,"A/g","N/D"
20201,"ORF1ab",6646,2,0,0,1,0,1,0,0,"T/c","L/L"
20157,"ORF1ab",6631,2,2,0,2,0,0,0,0,"T/gc","I/TR"
20156,"ORF1ab",6631,2,2,0,2,0,0,0,0,"A/g","I/V"
20148,"ORF1ab",6628,2,2,0,0,2,0,0,0,"C/t","S/L"
20139,"ORF1ab",6625,2,2,0,0,1,1,0,0,"A/tg","K/RI"
20130,"ORF1ab",6622,2,2,0,1,1,0,0,0,"A/gc","K/TR"
20126,"ORF1ab",6621,2,2,0,1,0,1,0,0,"G/ta","E/K*"
20125,"ORF1ab",6620,2,0,0,2,0,0,0,0,"G/a","L/L"
20124,"ORF1ab",6620,2,2,0,1,1,0,0,0,"T/a","L/*"
20088,"ORF1ab",6608,2,2,0,1,1,0,0,0,"T/c","V/A"
20051,"ORF1ab",6596,2,2,0,0,1,1,0,0,"C/t","Q/*"
20033,"ORF1ab",6590,2,2,0,0,0,2,0,0,"G/tc","V/L"
20032,"ORF1ab",6589,2,0,0,1,0,0,1,0,"C/t","P/P"
20028,"ORF1ab",6588,2,2,0,1,1,0,0,0,"T/c","M/T"
20007,"ORF1ab",6581,2,2,0,2,0,0,0,0,"T/ca","V/DA"
19999,"ORF1ab",6578,2,2,0,0,0,1,1,0,"G/t","E/D"
19900,"ORF1ab",6545,2,2,1,0,1,0,0,1,"TG/tg","QH/QH"
19888,"ORF1ab",6541,2,0,0,0,2,0,0,0,"A/g","K/K"
19876,"ORF1ab",6537,2,0,0,1,1,0,0,0,"T/c","S/S"
19839,"ORF1ab",6525,2,2,1,0,0,2,0,0,"TC/tc","TI/TI"
19814,"ORF1ab",6517,2,2,0,0,1,1,0,0,"C/ta","Q/K*"
19718,"ORF1ab",6485,2,2,1,0,1,0,0,1,"TC/tc","Q*/Q*"
19687,"ORF1ab",6474,2,1,0,0,0,1,0,1,"C/ta","Y/Y*"
19684,"ORF1ab",6473,2,2,0,0,0,1,1,0,"G/t","K/N"
19679,"ORF1ab",6472,2,2,0,0,0,2,0,0,"G/t","V/L"
19672,"ORF1ab",6469,2,0,1,0,1,0,1,0,"TC/tc","D/D"
19662,"ORF1ab",6466,2,2,0,0,0,2,0,0,"C/t","T/I"
19531,"ORF1ab",6422,2,0,0,0,2,0,0,0,"T/ca","L/L"
19493,"ORF1ab",6410,2,2,0,0,0,1,1,0,"G/a","D/N"
19473,"ORF1ab",6403,2,2,0,0,2,0,0,0,"T/ca","I/TN"
19398,"ORF1ab",6378,2,2,1,0,2,0,0,0,"GC/tg","S/IC"
19395,"ORF1ab",6377,2,2,0,0,2,0,0,0,"T/c","V/A"
19389,"ORF1ab",6375,2,2,0,1,1,0,0,0,"T/c","V/A"
19312,"ORF1ab",6349,2,2,0,1,1,0,0,0,"G/ta","M/I"
19287,"ORF1ab",6341,2,2,0,2,0,0,0,0,"T/c","V/A"
19264,"ORF1ab",6333,2,0,0,0,0,2,0,0,"C/t","T/T"
19262,"ORF1ab",6333,2,2,0,0,1,0,1,0,"A/tg","T/SA"
19196,"ORF1ab",6311,2,2,0,0,0,0,2,0,"A/g","I/V"
19156,"ORF1ab",6297,2,0,0,1,1,0,0,0,"C/t","H/H"
19155,"ORF1ab",6297,2,2,0,0,1,0,1,0,"A/tc","H/PL"
19150,"ORF1ab",6295,2,2,0,1,1,0,0,0,"G/tc","M/I"
18988,"ORF1ab",6241,2,0,0,0,1,0,1,0,"G/a","L/L"
18957,"ORF1ab",6231,2,2,0,0,2,0,0,0,"T/gc","M/TR"
18939,"ORF1ab",6225,2,2,0,0,2,0,0,0,"T/ca","V/EA"
18936,"ORF1ab",6224,2,2,0,1,1,0,0,0,"T/ca","L/S*"
18897,"ORF1ab",6211,2,2,0,0,2,0,0,0,"T/c","L/S"
18889,"ORF1ab",6208,2,0,0,2,0,0,0,0,"G/ta","T/T"
18804,"ORF1ab",6180,2,2,0,1,1,0,0,0,"C/ta","A/VE"
18772,"ORF1ab",6169,2,0,0,2,0,0,0,0,"C/t","F/F"
18668,"ORF1ab",6135,2,2,0,1,1,0,0,0,"G/a","V/M"
18649,"ORF1ab",6128,2,0,0,0,1,1,0,0,"G/ta","L/L"
18636,"ORF1ab",6124,2,0,0,2,0,0,0,0,"G/a","*/*"
18634,"ORF1ab",6123,2,1,0,0,1,0,1,0,"G/ta","L/LF"
18591,"ORF1ab",6109,2,2,0,0,0,2,0,0,"C/g","S/C"
18551,"ORF1ab",6096,2,2,0,0,2,0,0,0,"G/t","V/L"
18526,"ORF1ab",6087,2,0,0,0,1,0,1,0,"C/t","C/C"
18498,"ORF1ab",6078,2,2,0,0,2,0,0,0,"G/a","C/Y"
18465,"ORF1ab",6067,2,2,0,0,2,0,0,0,"T/gc","L/RP"
18464,"ORF1ab",6067,2,1,0,1,1,0,0,0,"C/ta","L/ML"
18452,"ORF1ab",6063,2,1,0,1,0,1,0,0,"C/ta","L/LI"
18440,"ORF1ab",6059,2,2,0,1,1,0,0,0,"C/tg","P/SA"
18414,"ORF1ab",6050,2,2,0,1,1,0,0,0,"T/c","L/S"
18398,"ORF1ab",6045,2,2,0,0,2,0,0,0,"T/c","Y/H"
18395,"ORF1ab",6044,2,0,0,1,0,0,1,0,"C/t","L/L"
18377,"ORF1ab",6038,2,2,1,1,1,0,0,0,"TC/tc","Q*/Q*"
18368,"ORF1ab",6035,2,2,0,0,0,2,0,0,"G/t","V/F"
18327,"ORF1ab",6021,2,2,0,0,2,0,0,0,"T/gc","L/RP"
18325,"ORF1ab",6020,2,2,0,0,2,0,0,0,"G/ca","M/I"
18318,"ORF1ab",6018,2,2,0,0,1,1,0,0,"G/t","G/V"
18268,"ORF1ab",6001,2,0,0,2,0,0,0,0,"G/a","A/A"
18265,"ORF1ab",6000,2,0,0,0,2,0,0,0,"C/a","P/P"
18261,"ORF1ab",5999,2,2,0,0,2,0,0,0,"C/a","S/*"
18182,"ORF1ab",5973,2,2,0,1,1,0,0,0,"A/tg","T/SA"
18172,"ORF1ab",5969,2,0,0,0,1,0,1,0,"A/g","A/A"
18149,"ORF1ab",5962,2,2,0,0,2,0,0,0,"G/t","V/F"
18131,"ORF1ab",5956,2,0,0,0,0,2,0,0,"C/t","L/L"
18099,"ORF1ab",5945,2,2,0,1,0,0,1,0,"T/c","L/P"
18090,"ORF1ab",5942,2,2,1,0,1,0,1,0,"TG/tg","VG/VG"
18077,"ORF1ab",5938,2,2,0,1,0,0,1,0,"A/g","R/G"
18069,"ORF1ab",5935,2,2,0,0,2,0,0,0,"T/ga","I/SN"
18061,"ORF1ab",5932,2,0,0,2,0,0,0,0,"T/c","S/S"
18060,"ORF1ab",5932,2,2,0,1,1,0,0,0,"C/t","S/F"
18029,"ORF1ab",5922,2,2,0,0,1,0,1,0,"C/tg","Q/E*"
18007,"ORF1ab",5914,2,0,0,0,0,2,0,0,"G/a","L/L"
17978,"ORF1ab",5905,2,2,0,1,1,0,0,0,"T/c","F/L"
17863,"ORF1ab",5866,2,0,0,1,0,0,1,0,"T/ca","T/T"
17857,"ORF1ab",5864,2,2,0,1,1,0,0,0,"T/a","N/K"
17844,"ORF1ab",5860,2,2,0,0,2,0,0,0,"A/gc","H/RP"
17822,"ORF1ab",5853,2,2,0,0,0,1,0,1,"C/t","Q/*"
17750,"ORF1ab",5829,2,2,0,1,1,0,0,0,"C/t","L/F"
17738,"ORF1ab",5825,2,2,0,2,0,0,0,0,"C/t","H/Y"
17734,"ORF1ab",5823,2,0,0,0,0,2,0,0,"C/t","S/S"
17708,"ORF1ab",5815,2,2,0,0,1,0,1,0,"C/tg","H/YD"
17666,"ORF1ab",5801,2,1,0,1,1,0,0,0,"A/tc","R/WR"
17626,"ORF1ab",5787,2,0,0,0,2,0,0,0,"C/t","H/H"
17617,"ORF1ab",5784,2,0,0,0,1,0,1,0,"C/t","S/S"
17573,"ORF1ab",5770,2,0,0,0,1,0,1,0,"C/t","L/L"
17572,"ORF1ab",5769,2,0,0,1,1,0,0,0,"G/ca","L/L"
17565,"ORF1ab",5767,2,2,0,1,1,0,0,0,"T/c","V/A"
17550,"ORF1ab",5762,2,2,0,1,0,0,1,0,"C/t","S/L"
17536,"ORF1ab",5757,2,0,0,1,0,0,1,0,"C/t","V/V"
17501,"ORF1ab",5746,2,2,0,0,2,0,0,0,"T/c","S/P"
17485,"ORF1ab",5740,2,0,0,0,0,2,0,0,"C/t","H/H"
17469,"ORF1ab",5735,2,2,0,0,1,1,0,0,"G/ta","C/YF"
17455,"ORF1ab",5730,2,0,0,0,2,0,0,0,"G/a","L/L"
17440,"ORF1ab",5725,2,0,1,0,2,0,0,0,"TC/tc","T/T"
17359,"ORF1ab",5698,2,2,0,0,1,0,1,0,"G/a","M/I"
17353,"ORF1ab",5696,2,0,0,0,2,0,0,0,"T/ca","S/S"
17334,"ORF1ab",5690,2,2,0,1,1,0,0,0,"G/a","R/Q"
17326,"ORF1ab",5687,2,1,0,1,1,0,0,0,"C/ta","C/C*"
17285,"ORF1ab",5674,2,2,0,0,1,1,0,0,"C/t","Q/*"
17167,"ORF1ab",5634,2,0,0,0,0,2,0,0,"C/t","L/L"
17162,"ORF1ab",5633,2,2,0,0,2,0,0,0,"G/a","A/T"
17142,"ORF1ab",5626,2,2,0,2,0,0,0,0,"T/c","L/P"
17122,"ORF1ab",5619,2,2,0,0,1,0,1,0,"G/t","*/Y"
17121,"ORF1ab",5619,2,2,0,0,0,1,1,0,"A/tg","*/WL"
17103,"ORF1ab",5613,2,2,0,1,1,0,0,0,"T/g","V/G"
17078,"ORF1ab",5605,2,2,0,1,1,0,0,0,"A/t","R/W"
17077,"ORF1ab",5604,2,0,0,1,1,0,0,0,"C/t","S/S"
17076,"ORF1ab",5604,2,2,0,1,1,0,0,0,"C/t","S/F"
17063,"ORF1ab",5600,2,2,0,0,0,2,0,0,"A/g","S/G"
17058,"ORF1ab",5598,2,2,0,1,0,1,0,0,"G/t","C/F"
16995,"ORF1ab",5577,2,2,0,0,2,0,0,0,"C/t","T/I"
16989,"ORF1ab",5575,2,2,1,0,1,1,0,0,"TC/tc","VA/VA"
16968,"ORF1ab",5568,2,2,0,1,0,1,0,0,"G/a","S/N"
16961,"ORF1ab",5566,2,2,0,0,1,0,1,0,"C/ta","H/YN"
16946,"ORF1ab",5561,2,2,0,0,0,1,1,0,"C/t","H/Y"
16943,"ORF1ab",5560,2,2,0,0,0,2,0,0,"G/t","V/L"
16907,"ORF1ab",5548,2,2,0,0,2,0,0,0,"A/g","I/V"
16891,"ORF1ab",5542,2,1,0,0,1,1,0,0,"T/ca","N/NK"
16842,"ORF1ab",5526,2,2,0,1,0,0,1,0,"A/g","K/R"
16795,"ORF1ab",5510,2,0,0,0,0,2,0,0,"G/t","V/V"
16699,"ORF1ab",5478,2,0,0,0,2,0,0,0,"C/t","Y/Y"
16693,"ORF1ab",5476,2,0,0,1,1,0,0,0,"A/tg","L/L"
16682,"ORF1ab",5473,2,2,1,1,0,1,0,0,"GA/ga","VM/VM"
16671,"ORF1ab",5469,2,2,0,1,0,1,0,0,"T/ca","L/S*"
16636,"ORF1ab",5457,2,1,0,1,1,0,0,0,"G/ta","L/LF"
16632,"ORF1ab",5456,2,2,0,1,1,0,0,0,"T/c","F/S"
16615,"ORF1ab",5450,2,0,0,0,2,0,0,0,"A/g","V/V"
16573,"ORF1ab",5436,2,0,0,0,2,0,0,0,"G/ta","V/V"
16551,"ORF1ab",5429,2,2,0,0,1,1,0,0,"C/ta","T/NI"
16530,"ORF1ab",5422,2,2,0,0,2,0,0,0,"T/c","L/S"
16501,"ORF1ab",5412,2,2,0,2,0,0,0,0,"G/tc","K/N"
16474,"ORF1ab",5403,2,1,0,0,1,1,0,0,"A/tg","L/LF"
16433,"ORF1ab",5390,2,2,0,1,1,0,0,0,"G/ta","E/K*"
16406,"ORF1ab",5381,2,2,0,1,1,0,0,0,"T/c","S/P"
16392,"ORF1ab",5376,2,2,0,0,2,0,0,0,"T/c","L/P"
16375,"ORF1ab",5370,2,0,0,1,0,0,1,0,"C/t","I/I"
16368,"ORF1ab",5368,2,2,0,0,2,0,0,0,"T/c","L/P"
16312,"ORF1ab",5349,2,0,0,1,1,0,0,0,"T/c","Y/Y"
16296,"ORF1ab",5344,2,2,0,1,1,0,0,0,"A/g","Y/C"
16264,"ORF1ab",5333,2,0,0,0,1,0,1,0,"T/c","I/I"
16236,"ORF1ab",5324,2,2,0,0,1,1,0,0,"G/t","R/M"
16227,"ORF1ab",5321,2,2,0,1,1,0,0,0,"A/tg","Q/RL"
16132,"ORF1ab",5289,2,1,0,0,2,0,0,0,"C/tg","D/ED"
16130,"ORF1ab",5289,2,2,0,0,2,0,0,0,"G/ta","D/YN"
16117,"ORF1ab",5284,2,2,0,0,1,0,1,0,"G/ta","M/I"
16111,"ORF1ab",5282,2,0,0,0,0,1,1,0,"C/t","S/S"
16062,"ORF1ab",5266,2,2,0,2,0,0,0,0,"T/c","I/T"
15965,"ORF1ab",5234,2,2,0,0,0,2,0,0,"G/t","V/F"
15960,"ORF1ab",5232,2,2,1,1,0,1,0,0,"TC/tc","PL/PL"
15959,"ORF1ab",5232,2,2,0,2,0,0,0,0,"C/ga","P/TA"
15950,"ORF1ab",5229,2,2,0,1,1,0,0,0,"T/ca","S/TP"
15943,"ORF1ab",5226,2,1,0,2,0,0,0,0,"T/ca","H/QH"
15933,"ORF1ab",5223,2,2,0,0,2,0,0,0,"C/t","T/I"
15852,"ORF1ab",5196,2,2,0,1,1,0,0,0,"C/t","T/I"
15830,"ORF1ab",5189,2,2,0,0,2,0,0,0,"C/ta","Q/K*"
15824,"ORF1ab",5187,2,0,0,0,0,1,1,0,"C/t","L/L"
15773,"ORF1ab",5170,2,2,0,2,0,0,0,0,"G/ta","A/TS"
15708,"ORF1ab",5148,2,2,1,0,1,0,1,0,"GC/tg","S*/L*"
15696,"ORF1ab",5144,2,2,0,1,1,0,0,0,"T/ca","I/TN"
15694,"ORF1ab",5143,2,0,0,1,1,0,0,0,"C/t","N/N"
15649,"ORF1ab",5128,2,2,0,0,1,1,0,0,"G/ta","M/I"
15634,"ORF1ab",5123,2,0,0,1,1,0,0,0,"T/c","S/S"
15619,"ORF1ab",5118,2,0,1,0,2,0,0,0,"TC/tc","D/D"
15610,"ORF1ab",5115,2,0,0,0,2,0,0,0,"C/t","Y/Y"
15599,"ORF1ab",5112,2,2,0,1,1,0,0,0,"T/c","S/P"
15594,"ORF1ab",5110,2,2,0,1,0,1,0,0,"G/tc","S/TI"
15559,"ORF1ab",5098,2,0,0,0,2,0,0,0,"C/t","H/H"
15457,"ORF1ab",5064,2,2,0,0,1,1,0,0,"C/a","H/Q"
15430,"ORF1ab",5055,2,2,0,0,2,0,0,0,"A/g","*/W"
15406,"ORF1ab",5047,2,2,1,0,0,2,0,0,"TG/tg","Y*/Y*"
15394,"ORF1ab",5043,2,0,0,2,0,0,0,0,"T/gc","V/V"
15324,"ORF1ab",5020,2,2,0,0,0,2,0,0,"C/t","T/I"
15301,"ORF1ab",5012,2,0,0,2,0,0,0,0,"A/tg","L/L"
15262,"ORF1ab",4999,2,0,0,1,1,0,0,0,"G/ta","V/V"
15240,"ORF1ab",4992,2,2,0,0,2,0,0,0,"C/ta","T/KI"
15193,"ORF1ab",4976,2,1,0,1,1,0,0,0,"G/ta","E/ED"
15179,"ORF1ab",4972,2,2,0,1,1,0,0,0,"C/t","P/S"
15137,"ORF1ab",4958,2,2,0,0,0,0,2,0,"T/g","*/G"
15061,"ORF1ab",4932,2,0,0,0,1,0,1,0,"C/t","L/L"
15019,"ORF1ab",4918,2,0,0,1,0,0,1,0,"C/t","H/H"
15010,"ORF1ab",4915,2,0,0,0,1,1,0,0,"C/t","I/I"
15009,"ORF1ab",4915,2,2,0,1,1,0,0,0,"T/ca","I/TN"
15000,"ORF1ab",4912,2,2,0,0,2,0,0,0,"T/gc","V/GA"
14928,"ORF1ab",4888,2,2,0,0,1,1,0,0,"C/t","T/I"
14909,"ORF1ab",4882,2,1,0,0,2,0,0,0,"C/tg","L/VL"
14848,"ORF1ab",4861,2,1,0,1,0,1,0,0,"C/tg","Y/Y*"
14829,"ORF1ab",4855,2,2,0,0,1,0,1,0,"G/ta","C/YF"
14768,"ORF1ab",4835,2,2,0,0,1,0,1,0,"C/t","L/F"
14727,"ORF1ab",4821,2,2,0,1,1,0,0,0,"T/a","L/*"
14725,"ORF1ab",4820,2,0,0,0,2,0,0,0,"T/c","S/S"
14723,"ORF1ab",4820,2,2,0,0,2,0,0,0,"T/gc","S/PA"
14710,"ORF1ab",4815,2,0,0,1,1,0,0,0,"G/ta","L/L"
14677,"ORF1ab",4804,2,0,0,0,0,1,1,0,"G/a","P/P"
14670,"ORF1ab",4802,2,2,1,0,1,1,0,0,"CA/ca","S*/S*"
14625,"ORF1ab",4787,2,2,0,0,0,0,2,0,"C/t","A/V"
14584,"ORF1ab",4773,2,0,0,0,2,0,0,0,"G/a","T/T"
14572,"ORF1ab",4769,2,0,0,0,2,0,0,0,"C/ta","T/T"
14488,"ORF1ab",4741,2,0,0,1,1,0,0,0,"G/a","E/E"
14377,"ORF1ab",4704,2,0,0,0,2,0,0,0,"T/c","T/T"
14366,"ORF1ab",4701,2,2,0,0,1,1,0,0,"A/tg","I/VF"
14331,"ORF1ab",4689,2,2,0,2,0,0,0,0,"T/g","I/S"
14310,"ORF1ab",4682,2,2,0,0,2,0,0,0,"G/a","G/E"
14292,"ORF1ab",4676,2,2,1,0,2,0,0,0,"TC/tc","TI/TI"
14263,"ORF1ab",4666,2,0,0,1,1,0,0,0,"T/c","T/T"
14256,"ORF1ab",4664,2,2,0,1,1,0,0,0,"A/g","N/S"
14183,"ORF1ab",4640,2,2,0,0,1,0,1,0,"C/t","P/S"
14118,"ORF1ab",4618,2,2,0,1,1,0,0,0,"G/a","R/H"
14107,"ORF1ab",4614,2,0,0,0,1,0,1,0,"A/tg","S/S"
14089,"ORF1ab",4608,2,0,0,1,1,0,0,0,"T/c","G/G"
14088,"ORF1ab",4608,2,2,0,1,1,0,0,0,"G/a","G/D"
14076,"ORF1ab",4604,2,2,0,0,2,0,0,0,"C/t","S/L"
13957,"ORF1ab",4564,2,1,0,1,1,0,0,0,"C/tg","Y/Y*"
13948,"ORF1ab",4561,2,2,0,0,0,2,0,0,"G/t","Q/H"
13914,"ORF1ab",4550,2,2,0,0,2,0,0,0,"T/c","I/T"
13898,"ORF1ab",4545,2,2,0,0,0,0,2,0,"A/g","M/V"
13887,"ORF1ab",4541,2,2,0,1,0,1,0,0,"C/ta","T/KI"
13877,"ORF1ab",4538,2,0,0,2,0,0,0,0,"T/c","L/L"
13870,"ORF1ab",4535,2,1,0,1,1,0,0,0,"G/ta","K/NK"
13864,"ORF1ab",4533,2,0,0,0,2,0,0,0,"T/c","H/H"
13862,"ORF1ab",4533,2,2,2,0,0,0,2,0,"T/c","Y/H"
13860,"ORF1ab",4532,2,2,0,0,1,1,0,0,"C/t","T/I"
13830,"ORF1ab",4522,2,2,0,0,2,0,0,0,"T/gc","L/RP"
13818,"ORF1ab",4518,2,2,0,0,2,0,0,0,"C/t","T/I"
13772,"ORF1ab",4503,2,2,0,1,1,0,0,0,"T/c","Y/H"
13764,"ORF1ab",4500,2,2,0,0,2,0,0,0,"T/c","V/A"
13659,"ORF1ab",4465,2,2,0,0,1,1,0,0,"G/ta","R/KI"
13619,"ORF1ab",4452,2,2,0,1,1,0,0,0,"A/tg","T/SA"
13586,"ORF1ab",4441,2,2,0,1,1,0,0,0,"T/a","*/K"
13552,"ORF1ab",4429,2,0,0,0,2,0,0,0,"T/ca","S/S"
13506,"ORF1ab",4414,2,2,0,1,1,0,0,0,"C/t","A/V"
13489,"ORF1ab",4408,2,1,0,0,1,0,1,0,"G/ta","Q/QH"
13487,"ORF1ab",4408,2,2,0,0,1,0,1,0,"C/t","Q/*"
13476,"ORF1ab",4404,2,2,1,0,1,0,1,0,"TC/tc","VA/VA"
13459,"ORF1ab",4398,2,0,0,2,0,0,0,0,"G/t","S/S"
13425,"ORF1ab",4387,2,2,0,0,1,0,1,0,"G/a","R/H"
13388,"ORF1ab",4375,2,2,0,0,2,0,0,0,"A/tg","M/VL"
13380,"ORF1ab",4372,2,2,0,2,0,0,0,0,"T/c","V/A"
13358,"ORF1ab",4365,2,2,0,0,2,0,0,0,"C/ta","L/IF"
13330,"ORF1ab",4355,2,0,0,2,0,0,0,0,"T/gc","T/T"
13296,"ORF1ab",4344,2,2,0,0,2,0,0,0,"A/tg","D/VG"
13263,"ORF1ab",4333,2,2,0,0,2,0,0,0,"A/c","H/P"
13207,"ORF1ab",4314,2,0,0,0,2,0,0,0,"C/t","A/A"
13201,"ORF1ab",4312,2,0,0,0,0,1,1,0,"G/a","P/P"
13115,"ORF1ab",4284,2,2,0,0,2,0,0,0,"C/a","L/I"
13114,"ORF1ab",4283,2,0,0,0,2,0,0,0,"T/c","Y/Y"
13078,"ORF1ab",4271,2,0,0,1,1,0,0,0,"T/c","A/A"
13048,"ORF1ab",4261,2,0,0,1,1,0,0,0,"T/ca","P/P"
12970,"ORF1ab",4235,2,0,0,1,1,0,0,0,"C/t","N/N"
12938,"ORF1ab",4225,2,2,0,0,0,1,1,0,"G/a","V/M"
12894,"ORF1ab",4210,2,2,0,0,2,0,0,0,"A/gc","E/GA"
12891,"ORF1ab",4209,2,2,0,0,1,0,1,0,"T/gc","L/RP"
12886,"ORF1ab",4207,2,0,0,0,2,0,0,0,"A/gc","T/T"
12881,"ORF1ab",4206,2,2,0,1,1,0,0,0,"T/c","Y/H"
12880,"ORF1ab",4205,2,0,0,0,1,1,0,0,"C/t","I/I"
12867,"ORF1ab",4201,2,2,0,0,0,2,0,0,"G/a","G/E"
12866,"ORF1ab",4201,2,2,0,2,0,0,0,0,"G/ta","G/R*"
12852,"ORF1ab",4196,2,2,0,0,2,0,0,0,"T/c","F/S"
12830,"ORF1ab",4189,2,2,0,1,0,0,1,0,"C/t","Q/*"
12799,"ORF1ab",4178,2,0,0,0,2,0,0,0,"T/gc","G/G"
12796,"ORF1ab",4177,2,0,0,0,2,0,0,0,"A/tg","G/G"
12790,"ORF1ab",4175,2,0,0,0,2,0,0,0,"A/g","T/T"
12782,"ORF1ab",4173,2,2,0,2,0,0,0,0,"A/g","N/D"
12769,"ORF1ab",4168,2,0,1,0,1,0,1,0,"TG/tg","A/A"
12756,"ORF1ab",4164,2,2,1,0,1,1,0,0,"TC/tc","TI/TI"
12688,"ORF1ab",4141,2,2,0,2,0,0,0,0,"T/ga","N/K"
12684,"ORF1ab",4140,2,2,0,1,1,0,0,0,"A/g","Q/R"
12674,"ORF1ab",4137,2,2,0,0,1,0,1,0,"G/a","V/I"
12672,"ORF1ab",4136,2,2,0,0,1,1,0,0,"C/t","A/V"
12671,"ORF1ab",4136,2,2,0,0,2,0,0,0,"G/ta","A/TS"
12659,"ORF1ab",4132,2,2,0,0,1,0,1,0,"A/g","R/G"
12540,"ORF1ab",4092,2,2,0,1,0,0,1,0,"C/t","A/V"
12525,"ORF1ab",4087,2,2,0,0,0,1,1,0,"C/t","T/I"
12518,"ORF1ab",4085,2,2,0,1,1,0,0,0,"G/t","D/Y"
12514,"ORF1ab",4083,2,0,0,0,1,1,0,0,"G/t","T/T"
12513,"ORF1ab",4083,2,2,0,0,0,1,0,1,"C/t","T/M"
12511,"ORF1ab",4082,2,0,0,0,2,0,0,0,"T/c","N/N"
12459,"ORF1ab",4065,2,2,0,0,0,2,0,0,"C/t","T/I"
12453,"ORF1ab",4063,2,2,0,1,0,0,1,0,"C/t","P/L"
12430,"ORF1ab",4055,2,0,0,0,2,0,0,0,"T/c","G/G"
12424,"ORF1ab",4053,2,1,0,1,1,0,0,0,"A/tg","R/SR"
12307,"ORF1ab",4014,2,0,0,1,1,0,0,0,"A/g","K/K"
12297,"ORF1ab",4011,2,2,0,0,0,0,2,0,"A/c","Q/P"
12238,"ORF1ab",3991,2,0,0,1,1,0,0,0,"T/c","F/F"
12204,"ORF1ab",3980,2,2,0,1,1,0,0,0,"T/c","L/S"
12198,"ORF1ab",3978,2,2,0,2,0,0,0,0,"A/tg","K/RI"
12168,"ORF1ab",3968,2,2,0,1,1,0,0,0,"T/c","V/A"
12131,"ORF1ab",3956,2,2,0,2,0,0,0,0,"G/a","A/T"
12098,"ORF1ab",3945,2,2,0,0,1,0,1,0,"G/ca","A/TP"
12049,"ORF1ab",3928,2,0,0,2,0,0,0,0,"C/t","N/N"
12045,"ORF1ab",3927,2,2,0,0,1,0,0,1,"T/c","I/T"
12038,"ORF1ab",3925,2,2,0,0,2,0,0,0,"G/t","V/L"
12034,"ORF1ab",3923,2,0,1,0,2,0,0,0,"TG/tc","G/G"
12013,"ORF1ab",3916,2,0,0,1,1,0,0,0,"T/c","S/S"
11956,"ORF1ab",3897,2,0,0,0,0,1,1,0,"C/t","D/D"
11937,"ORF1ab",3891,2,2,0,0,2,0,0,0,"G/ta","C/YF"
11903,"ORF1ab",3880,2,0,0,0,2,0,0,0,"A/c","R/R"
11900,"ORF1ab",3879,2,2,1,0,0,0,2,0,"TC/tc","LF/LF"
11897,"ORF1ab",3878,2,2,0,0,0,2,0,0,"C/ta","Q/K*"
11870,"ORF1ab",3869,2,2,0,2,0,0,0,0,"T/c","S/P"
11827,"ORF1ab",3854,2,0,0,0,0,0,2,0,"A/g","K/K"
11824,"ORF1ab",3853,2,0,0,0,0,1,1,0,"C/t","I/I"
11812,"ORF1ab",3849,2,0,0,1,0,1,0,0,"C/a","G/G"
11811,"ORF1ab",3849,2,2,0,0,2,0,0,0,"G/a","G/D"
11801,"ORF1ab",3846,2,2,1,0,0,2,0,0,"GA/ga","SG/SG"
11761,"ORF1ab",3832,2,2,0,0,1,1,0,0,"G/t","K/N"
11747,"ORF1ab",3828,2,0,0,0,0,1,1,0,"C/t","L/L"
11743,"ORF1ab",3826,2,2,0,0,2,0,0,0,"G/tc","Q/H"
11704,"ORF1ab",3813,2,0,0,0,0,2,0,0,"C/t","Y/Y"
11596,"ORF1ab",3777,2,2,0,0,2,0,0,0,"G/t","Q/H"
11562,"ORF1ab",3766,2,2,0,0,2,0,0,0,"G/tc","C/SF"
11524,"ORF1ab",3753,2,1,0,1,0,1,0,0,"T/gc","F/LF"
11463,"ORF1ab",3733,2,2,0,0,2,0,0,0,"T/c","M/T"
11455,"ORF1ab",3730,2,0,0,0,0,2,0,0,"C/t","A/A"
11414,"ORF1ab",3717,2,2,0,1,1,0,0,0,"C/t","L/F"
11372,"ORF1ab",3703,2,2,0,1,1,0,0,0,"G/a","D/N"
11357,"ORF1ab",3698,2,2,0,0,0,0,2,0,"A/t","R/*"
11335,"ORF1ab",3690,2,0,1,0,2,0,0,0,"TG/ga","V/V"
11258,"ORF1ab",3665,2,2,1,0,2,0,0,0,"CA/ga","TP/TA"
11256,"ORF1ab",3664,2,2,0,1,1,0,0,0,"T/g","M/R"
11254,"ORF1ab",3663,2,0,0,1,1,0,0,0,"T/c","I/I"
11231,"ORF1ab",3656,2,2,0,1,1,0,0,0,"C/ta","P/TS"
11230,"ORF1ab",3655,2,2,0,1,0,0,1,0,"G/tc","M/I"
11104,"ORF1ab",3613,2,0,0,0,2,0,0,0,"T/c","P/P"
11093,"ORF1ab",3610,2,2,1,0,2,0,0,0,"GC/ga","PA/TA"
11074,"ORF1ab",3603,2,0,0,0,2,0,0,0,"C/t","F/F"
11030,"ORF1ab",3589,2,2,0,1,1,0,0,0,"A/g","T/A"
11022,"ORF1ab",3586,2,2,0,1,1,0,0,0,"C/t","T/I"
11003,"ORF1ab",3580,2,2,0,1,1,0,0,0,"C/t","H/Y"
10985,"ORF1ab",3574,2,2,0,1,1,0,0,0,"A/g","R/G"
10981,"ORF1ab",3572,2,0,0,0,1,1,0,0,"G/a","V/V"
10966,"ORF1ab",3567,2,0,0,1,1,0,0,0,"T/gc","T/T"
10965,"ORF1ab",3567,2,2,0,1,0,1,0,0,"C/t","T/I"
10934,"ORF1ab",3557,2,2,0,1,1,0,0,0,"T/gc","F/VL"
10913,"ORF1ab",3550,2,0,0,0,2,0,0,0,"T/c","L/L"
10910,"ORF1ab",3549,2,2,0,2,0,0,0,0,"T/g","L/V"
10893,"ORF1ab",3543,2,2,0,0,0,2,0,0,"C/t","T/I"
10876,"ORF1ab",3537,2,1,0,2,0,0,0,0,"T/gc","N/NK"
10839,"ORF1ab",3525,2,2,0,1,1,0,0,0,"T/c","L/S"
10826,"ORF1ab",3521,2,2,1,1,1,0,0,0,"GA/ga","RG/RG"
10816,"ORF1ab",3517,2,0,0,2,0,0,0,0,"T/ga","S/S"
10807,"ORF1ab",3514,2,0,0,1,1,0,0,0,"A/tg","G/G"
10798,"ORF1ab",3511,2,2,2,0,0,0,2,0,"A/c","E/D"
10752,"ORF1ab",3496,2,2,0,0,2,0,0,0,"T/c","V/A"
10738,"ORF1ab",3491,2,1,0,0,2,0,0,0,"T/gc","N/NK"
10735,"ORF1ab",3490,2,0,0,0,0,2,0,0,"T/c","L/L"
10718,"ORF1ab",3485,2,2,0,0,1,1,0,0,"C/t","R/*"
10714,"ORF1ab",3483,2,0,0,0,0,0,2,0,"C/a","L/L"
10700,"ORF1ab",3479,2,2,0,0,2,0,0,0,"G/ca","D/NH"
10683,"ORF1ab",3473,2,2,0,0,2,0,0,0,"C/t","A/V"
10636,"ORF1ab",3457,2,0,0,1,1,0,0,0,"T/ca","A/A"
10619,"ORF1ab",3452,2,2,0,0,0,1,1,0,"C/a","Q/K"
10576,"ORF1ab",3437,2,0,0,1,1,0,0,0,"C/ta","G/G"
10570,"ORF1ab",3435,2,1,0,0,2,0,0,0,"T/ca","H/QH"
10540,"ORF1ab",3425,2,2,0,0,2,0,0,0,"G/a","M/I"
10447,"ORF1ab",3394,2,1,0,0,2,0,0,0,"G/ta","R/SR"
10441,"ORF1ab",3392,2,0,0,1,1,0,0,0,"T/c","A/A"
10421,"ORF1ab",3386,2,2,0,1,1,0,0,0,"T/gc","S/PA"
10387,"ORF1ab",3374,2,0,0,1,1,0,0,0,"T/c","T/T"
10378,"ORF1ab",3371,2,0,0,0,2,0,0,0,"A/g","P/P"
10311,"ORF1ab",3349,2,2,0,1,1,0,0,0,"T/c","V/A"
10239,"ORF1ab",3325,2,2,0,2,0,0,0,0,"C/t","S/F"
10205,"ORF1ab",3314,2,2,0,0,2,0,0,0,"A/gc","N/HD"
10191,"ORF1ab",3309,2,2,0,1,1,0,0,0,"C/t","S/F"
10165,"ORF1ab",3300,2,1,0,1,1,0,0,0,"C/ta","Y/Y*"
10157,"ORF1ab",3298,2,2,0,0,2,0,0,0,"G/a","V/I"
10156,"ORF1ab",3297,2,0,0,0,2,0,0,0,"C/t","D/D"
10083,"ORF1ab",3273,2,2,0,1,1,0,0,0,"C/tg","S/FC"
10042,"ORF1ab",3259,2,0,0,0,1,0,0,1,"A/tc","S/S"
10040,"ORF1ab",3259,2,2,0,2,0,0,0,0,"T/c","S/P"
9972,"ORF1ab",3236,2,2,1,1,1,0,0,0,"CA/ca","TK/TK"
9967,"ORF1ab",3234,2,0,1,0,1,0,1,0,"TC/tc","L/L"
9894,"ORF1ab",3210,2,2,0,1,1,0,0,0,"T/c","L/P"
9892,"ORF1ab",3209,2,0,0,1,0,1,0,0,"T/gc","A/A"
9879,"ORF1ab",3205,2,2,0,1,1,0,0,0,"A/g","N/S"
9864,"ORF1ab",3200,2,2,0,2,0,0,0,0,"C/t","P/L"
9845,"ORF1ab",3194,2,2,0,0,2,0,0,0,"C/t","R/C"
9812,"ORF1ab",3183,2,2,0,2,0,0,0,0,"T/c","F/L"
9786,"ORF1ab",3174,2,2,0,1,1,0,0,0,"C/t","T/I"
9755,"ORF1ab",3164,2,2,0,0,2,0,0,0,"C/t","R/C"
9754,"ORF1ab",3163,2,0,0,1,1,0,0,0,"A/g","R/R"
9724,"ORF1ab",3153,2,0,0,0,0,2,0,0,"C/t","F/F"
9603,"ORF1ab",3113,2,2,0,0,1,1,0,0,"C/t","T/I"
9539,"ORF1ab",3092,2,2,0,0,0,0,2,0,"C/t","L/F"
9474,"ORF1ab",3070,2,2,0,0,0,0,1,1,"C/t","A/V"
9459,"ORF1ab",3065,2,2,0,0,2,0,0,0,"T/gc","M/TR"
9456,"ORF1ab",3064,2,2,1,1,1,0,0,0,"TG/tc","FC/SF"
9442,"ORF1ab",3059,2,0,0,2,0,0,0,0,"C/t","C/C"
9427,"ORF1ab",3054,2,0,0,0,2,0,0,0,"T/c","A/A"
9417,"ORF1ab",3051,2,2,0,1,1,0,0,0,"G/ta","G/VD"
9412,"ORF1ab",3049,2,0,0,1,1,0,0,0,"T/c","A/A"
9398,"ORF1ab",3045,2,2,0,1,1,0,0,0,"G/t","A/S"
9389,"ORF1ab",3042,2,2,0,2,0,0,0,0,"G/ta","D/YN"
9321,"ORF1ab",3019,2,2,0,1,0,1,0,0,"G/ta","C/YF"
9312,"ORF1ab",3016,2,2,0,0,2,0,0,0,"G/tc","G/VA"
9306,"ORF1ab",3014,2,2,0,0,1,0,1,0,"T/c","L/S"
9251,"ORF1ab",2996,2,2,0,0,2,0,0,0,"G/tc","V/LF"
9249,"ORF1ab",2995,2,2,0,0,2,0,0,0,"G/ta","G/VD"
9240,"ORF1ab",2992,2,2,0,0,2,0,0,0,"C/ta","S/L*"
9216,"ORF1ab",2984,2,2,0,0,2,0,0,0,"G/a","C/Y"
9212,"ORF1ab",2983,2,2,0,2,0,0,0,0,"T/c","Y/H"
9209,"ORF1ab",2982,2,2,0,1,1,0,0,0,"G/ta","E/K*"
9190,"ORF1ab",2975,2,0,0,0,0,2,0,0,"G/t","V/V"
9180,"ORF1ab",2972,2,2,0,0,0,1,1,0,"C/ta","S/YF"
9132,"ORF1ab",2956,2,2,0,0,2,0,0,0,"T/c","L/P"
9109,"ORF1ab",2948,2,0,0,0,0,0,2,0,"A/g","L/L"
9107,"ORF1ab",2948,2,0,0,1,1,0,0,0,"T/c","L/L"
9050,"ORF1ab",2929,2,2,0,1,0,1,0,0,"C/t","P/S"
9049,"ORF1ab",2928,2,2,0,0,0,2,0,0,"G/t","K/N"
9026,"ORF1ab",2921,2,2,0,0,2,0,0,0,"A/tg","I/VF"
8952,"ORF1ab",2896,2,2,0,1,0,1,0,0,"G/t","C/F"
8943,"ORF1ab",2893,2,2,0,1,0,1,0,0,"G/t","G/V"
8872,"ORF1ab",2869,2,2,0,0,1,1,0,0,"G/t","L/F"
8868,"ORF1ab",2868,2,2,0,1,1,0,0,0,"G/a","G/D"
8828,"ORF1ab",2855,2,2,0,0,2,0,0,0,"G/a","A/T"
8804,"ORF1ab",2847,2,2,0,1,1,0,0,0,"A/g","N/D"
8795,"ORF1ab",2844,2,2,0,0,2,0,0,0,"A/g","S/G"
8793,"ORF1ab",2843,2,2,0,0,2,0,0,0,"G/ta","G/VD"
8760,"ORF1ab",2832,2,2,0,1,1,0,0,0,"C/t","A/V"
8733,"ORF1ab",2823,2,2,0,0,0,2,0,0,"C/t","T/I"
8710,"ORF1ab",2815,2,0,0,0,2,0,0,0,"T/g","G/G"
8692,"ORF1ab",2809,2,0,1,2,0,0,0,0,"TC/tc","Y/Y"
8682,"ORF1ab",2806,2,2,0,2,0,0,0,0,"T/c","I/T"
8672,"ORF1ab",2803,2,2,0,0,1,1,0,0,"T/c","S/P"
8626,"ORF1ab",2787,2,0,1,0,0,0,2,0,"TC/tc","F/F"
8587,"ORF1ab",2774,2,0,0,1,1,0,0,0,"T/c","I/I"
8570,"ORF1ab",2769,2,2,0,1,1,0,0,0,"T/ca","W/R"
8566,"ORF1ab",2767,2,1,0,1,1,0,0,0,"T/ca","N/NK"
8560,"ORF1ab",2765,2,1,0,2,0,0,0,0,"T/ga","I/MI"
8553,"ORF1ab",2763,2,2,0,1,1,0,0,0,"G/ta","G/VD"
8550,"ORF1ab",2762,2,2,0,1,1,0,0,0,"G/a","G/D"
8548,"ORF1ab",2761,2,0,0,0,1,1,0,0,"G/a","K/K"
8526,"ORF1ab",2754,2,2,1,1,1,0,0,0,"TC/tc","VA/VA"
8482,"ORF1ab",2739,2,0,0,1,1,0,0,0,"T/ca","P/P"
8465,"ORF1ab",2734,2,2,0,0,1,1,0,0,"A/g","K/E"
8403,"ORF1ab",2713,2,2,0,0,2,0,0,0,"G/a","W/*"
8389,"ORF1ab",2708,2,0,0,1,1,0,0,0,"C/t","N/N"
8381,"ORF1ab",2706,2,2,0,0,1,0,1,0,"A/g","S/G"
8373,"ORF1ab",2703,2,2,0,1,1,0,0,0,"T/ca","V/EA"
8337,"ORF1ab",2691,2,2,1,0,2,0,0,0,"GA/gc","YC/SC"
8336,"ORF1ab",2691,2,2,0,0,2,0,0,0,"T/gc","C/RG"
8331,"ORF1ab",2689,2,2,0,1,1,0,0,0,"G/t","G/V"
8327,"ORF1ab",2688,2,2,0,0,2,0,0,0,"C/t","L/F"
8318,"ORF1ab",2685,2,2,0,1,1,0,0,0,"C/a","P/T"
8299,"ORF1ab",2678,2,0,0,0,1,1,0,0,"C/t","N/N"
8294,"ORF1ab",2677,2,2,0,1,1,0,0,0,"T/c","Y/H"
8290,"ORF1ab",2675,2,0,1,0,0,2,0,0,"TC/tc","L/L"
8259,"ORF1ab",2665,2,2,0,1,1,0,0,0,"T/gc","V/GA"
8226,"ORF1ab",2654,2,2,0,1,0,1,0,0,"G/ca","C/YS"
8208,"ORF1ab",2648,2,2,0,0,2,0,0,0,"C/t","T/I"
8201,"ORF1ab",2646,2,2,0,1,1,0,0,0,"G/ca","V/LI"
8186,"ORF1ab",2641,2,2,0,1,1,0,0,0,"T/gc","F/VL"
8171,"ORF1ab",2636,2,2,0,1,1,0,0,0,"G/a","A/T"
8169,"ORF1ab",2635,2,2,0,1,1,0,0,0,"C/a","S/*"
8123,"ORF1ab",2620,2,2,0,0,1,1,0,0,"C/tg","L/VF"
8115,"ORF1ab",2617,2,2,1,1,1,0,0,0,"GA/ta","GE/VE"
8084,"ORF1ab",2607,2,2,0,0,0,1,1,0,"G/a","E/K"
8027,"ORF1ab",2588,2,2,0,0,0,0,2,0,"G/a","V/I"
7994,"ORF1ab",2577,2,2,0,0,2,0,0,0,"G/t","V/L"
7963,"ORF1ab",2566,2,0,0,1,1,0,0,0,"T/c","C/C"
7948,"ORF1ab",2561,2,0,0,0,2,0,0,0,"C/t","Y/Y"
7929,"ORF1ab",2555,2,2,0,0,0,0,2,0,"A/c","K/T"
7924,"ORF1ab",2553,2,0,0,2,0,0,0,0,"T/gc","S/S"
7913,"ORF1ab",2550,2,2,0,0,2,0,0,0,"G/ta","E/K*"
7852,"ORF1ab",2529,2,0,0,0,1,0,1,0,"T/gc","A/A"
7814,"ORF1ab",2517,2,2,0,1,1,0,0,0,"T/ga","S/TA"
7812,"ORF1ab",2516,2,2,0,0,2,0,0,0,"A/tc","H/PL"
7798,"ORF1ab",2511,2,2,1,0,0,1,1,0,"TG/tg","NK/NK"
7749,"ORF1ab",2495,2,2,0,1,1,0,0,0,"C/t","T/I"
7700,"ORF1ab",2479,2,2,0,0,1,1,0,0,"A/g","R/G"
7673,"ORF1ab",2470,2,2,0,0,2,0,0,0,"G/a","A/T"
7582,"ORF1ab",2439,2,0,0,0,2,0,0,0,"T/c","N/N"
7555,"ORF1ab",2430,2,0,0,2,0,0,0,0,"T/c","V/V"
7539,"ORF1ab",2425,2,2,0,0,2,0,0,0,"C/ta","T/NI"
7536,"ORF1ab",2424,2,2,0,1,1,0,0,0,"C/t","T/I"
7479,"ORF1ab",2405,2,2,0,1,1,0,0,0,"A/g","N/S"
7471,"ORF1ab",2402,2,1,0,0,2,0,0,0,"C/ta","D/ED"
7424,"ORF1ab",2387,2,2,0,0,2,0,0,0,"T/c","F/L"
7405,"ORF1ab",2380,2,2,0,2,0,0,0,0,"G/ta","M/I"
7404,"ORF1ab",2380,2,2,0,1,1,0,0,0,"T/ca","M/TK"
7400,"ORF1ab",2379,2,2,0,0,2,0,0,0,"G/ca","A/TP"
7389,"ORF1ab",2375,2,2,0,1,1,0,0,0,"C/a","A/D"
7382,"ORF1ab",2373,2,2,0,0,1,1,0,0,"C/ta","Q/K*"
7364,"ORF1ab",2367,2,0,0,0,2,0,0,0,"T/c","L/L"
7354,"ORF1ab",2363,2,2,0,0,0,0,2,0,"G/t","W/C"
7349,"ORF1ab",2362,2,2,0,2,0,0,0,0,"T/c","S/P"
7279,"ORF1ab",2338,2,0,0,0,0,1,1,0,"C/t","F/F"
7214,"ORF1ab",2317,2,2,0,0,1,1,0,0,"G/t","D/Y"
7182,"ORF1ab",2306,2,2,0,0,2,0,0,0,"C/ta","T/NI"
7165,"ORF1ab",2300,2,0,0,0,0,0,2,0,"C/t","T/T"
7155,"ORF1ab",2297,2,2,0,1,1,0,0,0,"C/a","S/Y"
7122,"ORF1ab",2286,2,2,0,0,1,0,1,0,"T/ca","I/TK"
7068,"ORF1ab",2268,2,2,0,0,1,1,0,0,"A/g","E/G"
7066,"ORF1ab",2267,2,0,0,0,0,1,1,0,"A/g","R/R"
6990,"ORF1ab",2242,2,2,1,0,0,1,0,1,"TC/ca","SF/YS"
6971,"ORF1ab",2236,2,1,0,1,1,0,0,0,"T/ca","L/LI"
6848,"ORF1ab",2195,2,2,0,1,1,0,0,0,"C/t","P/S"
6835,"ORF1ab",2190,2,0,0,0,0,0,2,0,"T/a","I/I"
6832,"ORF1ab",2189,2,0,0,0,0,0,2,0,"A/g","R/R"
6831,"ORF1ab",2189,2,2,0,0,1,0,1,0,"G/a","R/K"
6808,"ORF1ab",2181,2,0,0,1,1,0,0,0,"T/c","T/T"
6793,"ORF1ab",2176,2,0,0,1,1,0,0,0,"G/a","L/L"
6694,"ORF1ab",2143,2,1,0,1,1,0,0,0,"G/ca","K/NK"
6671,"ORF1ab",2136,2,2,0,1,0,0,1,0,"G/ta","D/YN"
6651,"ORF1ab",2129,2,2,0,0,1,1,0,0,"C/t","A/V"
6634,"ORF1ab",2123,2,0,0,1,1,0,0,0,"T/c","A/A"
6632,"ORF1ab",2123,2,2,0,0,1,0,1,0,"G/ca","A/TP"
6570,"ORF1ab",2102,2,2,0,1,0,1,0,0,"A/tc","N/TI"
6560,"ORF1ab",2099,2,2,0,1,1,0,0,0,"T/c","Y/H"
6519,"ORF1ab",2085,2,2,0,1,1,0,0,0,"A/g","K/R"
6515,"ORF1ab",2084,2,1,0,1,1,0,0,0,"T/gc","L/VL"
6508,"ORF1ab",2081,2,0,0,1,1,0,0,0,"T/c","N/N"
6507,"ORF1ab",2081,2,2,0,1,0,1,0,0,"A/g","N/S"
6505,"ORF1ab",2080,2,0,0,0,0,2,0,0,"A/tc","A/A"
6463,"ORF1ab",2066,2,0,0,0,2,0,0,0,"G/a","V/V"
6449,"ORF1ab",2062,2,2,0,0,1,1,0,0,"C/ta","L/IF"
6446,"ORF1ab",2061,2,2,0,0,0,1,1,0,"G/t","V/F"
6437,"ORF1ab",2058,2,2,0,0,1,0,1,0,"C/t","Q/*"
6417,"ORF1ab",2051,2,2,0,2,0,0,0,0,"T/c","V/A"
6407,"ORF1ab",2048,2,2,0,2,0,0,0,0,"T/a","S/T"
6402,"ORF1ab",2046,2,2,0,0,2,0,0,0,"C/t","P/L"
6400,"ORF1ab",2045,2,0,0,0,2,0,0,0,"A/g","K/K"
6399,"ORF1ab",2045,2,2,0,2,0,0,0,0,"A/g","K/R"
6336,"ORF1ab",2024,2,2,0,0,1,1,0,0,"C/t","S/L"
6321,"ORF1ab",2019,2,2,0,0,1,0,1,0,"T/c","V/A"
6249,"ORF1ab",1995,2,2,0,1,1,0,0,0,"A/gc","N/TS"
6151,"ORF1ab",1962,2,0,2,0,0,2,0,0,"T/c","D/D"
6149,"ORF1ab",1962,2,2,0,0,0,2,0,0,"G/tc","D/YH"
6144,"ORF1ab",1960,2,2,0,1,1,0,0,0,"T/c","F/S"
6135,"ORF1ab",1957,2,2,0,1,1,0,0,0,"T/c","V/A"
6101,"ORF1ab",1946,2,2,0,2,0,0,0,0,"G/ta","G/SC"
6078,"ORF1ab",1938,2,2,0,0,1,0,1,0,"C/ta","A/VD"
6026,"ORF1ab",1921,2,2,0,1,0,1,0,0,"C/t","P/S"
5980,"ORF1ab",1905,2,0,0,1,0,0,1,0,"T/c","S/S"
5944,"ORF1ab",1893,2,1,0,1,1,0,0,0,"C/tg","D/ED"
5919,"ORF1ab",1885,2,2,0,0,2,0,0,0,"A/tg","D/VG"
5833,"ORF1ab",1856,2,0,1,0,1,1,0,0,"TC/tc","S/S"
5826,"ORF1ab",1854,2,2,0,1,0,1,0,0,"C/t","T/I"
5810,"ORF1ab",1849,2,2,0,1,1,0,0,0,"G/ta","D/YN"
5796,"ORF1ab",1844,2,2,0,1,1,0,0,0,"C/a","T/N"
5746,"ORF1ab",1827,2,0,1,1,1,0,0,0,"TC/tc","Y/Y"
5736,"ORF1ab",1824,2,2,0,1,0,0,1,0,"C/t","A/V"
5730,"ORF1ab",1822,2,2,0,1,0,0,1,0,"C/t","T/I"
5717,"ORF1ab",1818,2,2,0,0,2,0,0,0,"C/t","H/Y"
5708,"ORF1ab",1815,2,2,0,0,1,0,1,0,"G/tc","E/Q*"
5700,"ORF1ab",1812,2,2,0,0,2,0,0,0,"C/t","A/V"
5690,"ORF1ab",1809,2,2,0,0,2,0,0,0,"G/ta","A/TS"
5655,"ORF1ab",1797,2,2,0,1,1,0,0,0,"T/c","L/P"
5651,"ORF1ab",1796,2,2,0,2,0,0,0,0,"T/ca","Y/NH"
5614,"ORF1ab",1783,2,0,0,1,0,0,1,0,"T/c","V/V"
5556,"ORF1ab",1764,2,2,0,0,2,0,0,0,"G/ta","G/VD"
5539,"ORF1ab",1758,2,1,0,0,1,0,1,0,"G/ca","Q/QH"
5536,"ORF1ab",1757,2,1,0,1,1,0,0,0,"A/gc","Q/QH"
5517,"ORF1ab",1751,2,2,0,0,2,0,0,0,"T/g","V/G"
5512,"ORF1ab",1749,2,0,0,0,0,1,1,0,"C/t","N/N"
5465,"ORF1ab",1734,2,2,1,0,1,1,0,0,"TC/tc","YH/YH"
5433,"ORF1ab",1723,2,2,1,1,1,0,0,0,"GA/ga","GD/GD"
5338,"ORF1ab",1691,2,0,0,1,1,0,0,0,"T/c","N/N"
5324,"ORF1ab",1687,2,2,0,2,0,0,0,0,"G/tc","E/Q*"
5199,"ORF1ab",1645,2,2,0,0,1,1,0,0,"G/t","R/M"
5182,"ORF1ab",1639,2,1,0,2,0,0,0,0,"T/ca","D/ED"
5175,"ORF1ab",1637,2,2,0,0,1,1,0,0,"C/t","T/I"
5158,"ORF1ab",1631,2,0,0,1,1,0,0,0,"T/c","A/A"
5152,"ORF1ab",1629,2,0,0,0,1,1,0,0,"T/ca","V/V"
5144,"ORF1ab",1627,2,0,1,0,0,1,1,0,"TC/tc","L/L"
5115,"ORF1ab",1617,2,2,0,0,2,0,0,0,"C/t","T/I"
5092,"ORF1ab",1609,2,0,0,1,0,0,1,0,"T/c","P/P"
5079,"ORF1ab",1605,2,2,0,0,1,1,0,0,"C/t","T/I"
5023,"ORF1ab",1586,2,2,0,1,1,0,0,0,"G/ca","M/I"
5001,"ORF1ab",1579,2,2,0,0,2,0,0,0,"T/c","L/P"
4994,"ORF1ab",1577,2,2,0,0,0,2,0,0,"A/tg","I/VF"
4993,"ORF1ab",1576,2,0,0,0,0,2,0,0,"C/t","N/N"
4982,"ORF1ab",1573,2,2,0,1,1,0,0,0,"A/g","T/A"
4961,"ORF1ab",1566,2,2,0,0,2,0,0,0,"A/g","R/G"
4950,"ORF1ab",1562,2,2,0,1,1,0,0,0,"T/gc","L/WS"
4923,"ORF1ab",1553,2,2,0,1,1,0,0,0,"T/gc","F/SC"
4917,"ORF1ab",1551,2,2,0,1,0,0,1,0,"T/c","I/T"
4900,"ORF1ab",1545,2,0,0,1,0,1,0,0,"C/t","H/H"
4846,"ORF1ab",1527,2,1,0,0,2,0,0,0,"T/ca","F/LF"
4834,"ORF1ab",1523,2,0,0,0,1,1,0,0,"A/gc","L/L"
4788,"ORF1ab",1508,2,2,0,0,1,0,1,0,"C/ta","A/VD"
4728,"ORF1ab",1488,2,2,0,1,1,0,0,0,"G/ta","G/VD"
4720,"ORF1ab",1485,2,0,0,0,0,2,0,0,"G/t","A/A"
4665,"ORF1ab",1467,2,2,0,0,1,1,0,0,"G/ca","R/TK"
4658,"ORF1ab",1465,2,2,0,2,0,0,0,0,"T/c","Y/H"
4645,"ORF1ab",1460,2,1,0,1,1,0,0,0,"A/tg","E/ED"
4631,"ORF1ab",1456,2,2,0,1,1,0,0,0,"G/a","G/S"
4535,"ORF1ab",1424,2,2,0,0,2,0,0,0,"T/gc","F/VL"
4507,"ORF1ab",1414,2,0,0,0,2,0,0,0,"T/gc","G/G"
4504,"ORF1ab",1413,2,0,0,1,0,1,0,0,"G/a","E/E"
4497,"ORF1ab",1411,2,2,0,1,1,0,0,0,"T/c","I/T"
4485,"ORF1ab",1407,2,2,0,0,1,0,1,0,"A/tg","K/RM"
4408,"ORF1ab",1381,2,2,0,0,2,0,0,0,"T/g","H/Q"
4399,"ORF1ab",1378,2,2,0,0,1,1,0,0,"G/t","M/I"
4370,"ORF1ab",1369,2,2,0,0,1,0,1,0,"G/ta","G/R*"
4356,"ORF1ab",1364,2,2,0,0,1,0,1,0,"A/tg","K/RM"
4355,"ORF1ab",1364,2,2,0,2,0,0,0,0,"A/tc","K/Q*"
4331,"ORF1ab",1356,2,0,1,0,1,1,0,0,"TC/tc","L/L"
4290,"ORF1ab",1342,2,2,0,0,0,0,2,0,"C/a","A/E"
4255,"ORF1ab",1330,2,0,0,0,1,0,1,0,"G/a","P/P"
4222,"ORF1ab",1319,2,0,0,0,1,0,1,0,"A/g","K/K"
4189,"ORF1ab",1308,2,0,0,0,0,1,1,0,"C/t","G/G"
4186,"ORF1ab",1307,2,0,1,1,0,1,0,0,"TC/tc","G/G"
4124,"ORF1ab",1287,2,2,0,1,0,1,0,0,"G/t","V/L"
4118,"ORF1ab",1285,2,2,0,1,0,1,0,0,"T/c","Y/H"
4112,"ORF1ab",1283,2,2,0,0,1,1,0,0,"G/ca","A/TP"
4108,"ORF1ab",1281,2,0,0,0,1,1,0,0,"A/g","K/K"
4095,"ORF1ab",1277,2,2,0,0,0,0,2,0,"C/t","T/I"
4094,"ORF1ab",1277,2,2,0,2,0,0,0,0,"A/tg","T/SA"
4084,"ORF1ab",1273,2,0,0,2,0,0,0,0,"C/t","D/D"
4006,"ORF1ab",1247,2,1,0,0,1,1,0,0,"G/ta","K/NK"
4002,"ORF1ab",1246,2,2,0,0,0,2,0,0,"C/t","T/I"
3982,"ORF1ab",1239,2,0,0,0,2,0,0,0,"T/c","V/V"
3960,"ORF1ab",1232,2,2,0,1,1,0,0,0,"T/a","I/N"
3952,"ORF1ab",1229,2,0,0,1,1,0,0,0,"T/c","D/D"
3895,"ORF1ab",1210,2,1,0,1,1,0,0,0,"A/tg","E/ED"
3870,"ORF1ab",1202,2,2,0,0,2,0,0,0,"A/g","K/R"
3768,"ORF1ab",1168,2,2,0,0,2,0,0,0,"C/t","T/I"
3714,"ORF1ab",1150,2,2,0,0,1,0,1,0,"C/t","S/L"
3707,"ORF1ab",1148,2,0,0,0,2,0,0,0,"T/c","L/L"
3687,"ORF1ab",1141,2,2,0,2,0,0,0,0,"A/g","H/R"
3631,"ORF1ab",1122,2,0,0,1,1,0,0,0,"T/c","V/V"
3569,"ORF1ab",1102,2,2,0,2,0,0,0,0,"A/g","S/G"
3428,"ORF1ab",1055,2,2,0,0,0,0,2,0,"A/g","T/A"
3412,"ORF1ab",1049,2,0,0,1,1,0,0,0,"T/ca","A/A"
3410,"ORF1ab",1049,2,2,0,0,1,0,1,0,"G/a","A/T"
3394,"ORF1ab",1043,2,0,0,0,2,0,0,0,"A/t","A/A"
3388,"ORF1ab",1041,2,0,0,0,2,0,0,0,"A/g","K/K"
3336,"ORF1ab",1024,2,2,0,0,0,2,0,0,"A/g","E/G"
3333,"ORF1ab",1023,2,2,0,1,1,0,0,0,"T/c","I/T"
3299,"ORF1ab",1012,2,1,0,0,1,0,1,0,"T/ca","L/LI"
3216,"ORF1ab",984,2,2,0,0,1,1,0,0,"G/ca","S/TN"
3196,"ORF1ab",977,2,2,0,1,1,0,0,0,"A/tc","E/D"
3176,"ORF1ab",971,2,2,0,1,1,0,0,0,"C/t","P/S"
3071,"ORF1ab",936,2,2,0,0,2,0,0,0,"T/g","C/G"
3024,"ORF1ab",920,2,2,0,1,1,0,0,0,"T/c","M/T"
3022,"ORF1ab",919,2,0,0,2,0,0,0,0,"T/c","H/H"
3007,"ORF1ab",914,2,0,0,0,1,1,0,0,"T/c","F/F"
2964,"ORF1ab",900,2,2,0,0,2,0,0,0,"G/a","W/*"
2921,"ORF1ab",886,2,2,0,1,1,0,0,0,"G/a","V/I"
2914,"ORF1ab",883,2,1,0,2,0,0,0,0,"G/ca","L/LF"
2860,"ORF1ab",865,2,0,0,0,2,0,0,0,"T/c","G/G"
2858,"ORF1ab",865,2,2,0,1,1,0,0,0,"G/a","G/S"
2830,"ORF1ab",855,2,2,0,0,2,0,0,0,"G/tc","E/D"
2821,"ORF1ab",852,2,0,0,1,1,0,0,0,"A/t","V/V"
2791,"ORF1ab",842,2,0,0,1,1,0,0,0,"T/gc","T/T"
2763,"ORF1ab",833,2,2,0,2,0,0,0,0,"T/ga","V/GE"
2748,"ORF1ab",828,2,2,0,1,1,0,0,0,"A/g","D/G"
2746,"ORF1ab",827,2,1,0,1,1,0,0,0,"T/gc","D/ED"
2730,"ORF1ab",822,2,2,0,1,0,0,0,1,"A/gc","K/TR"
2695,"ORF1ab",810,2,0,0,1,1,0,0,0,"C/t","N/N"
2686,"ORF1ab",807,2,2,0,0,2,0,0,0,"G/ta","M/I"
2659,"ORF1ab",798,2,2,0,0,1,0,0,1,"G/t","K/N"
2632,"ORF1ab",789,2,2,0,0,2,0,0,0,"G/t","M/I"
2536,"ORF1ab",757,2,0,0,1,1,0,0,0,"C/tg","V/V"
2485,"ORF1ab",740,2,0,0,1,1,0,0,0,"C/ta","I/I"
2476,"ORF1ab",737,2,0,0,0,1,0,1,0,"A/g","K/K"
2472,"ORF1ab",736,2,2,0,1,1,0,0,0,"C/ta","P/QL"
2467,"ORF1ab",734,2,1,0,1,1,0,0,0,"A/tg","K/NK"
2446,"ORF1ab",727,2,0,0,0,2,0,0,0,"T/c","T/T"
2435,"ORF1ab",724,2,2,0,1,0,1,0,0,"A/tg","R/G*"
2412,"ORF1ab",716,2,2,0,0,2,0,0,0,"T/c","L/S"
2335,"ORF1ab",690,2,0,0,2,0,0,0,0,"T/c","A/A"
2293,"ORF1ab",676,2,2,0,0,0,2,0,0,"G/t","Q/H"
2271,"ORF1ab",669,2,2,0,1,1,0,0,0,"A/tg","K/RM"
2268,"ORF1ab",668,2,2,0,0,2,0,0,0,"C/t","A/V"
2236,"ORF1ab",657,2,1,0,0,1,0,1,0,"T/ca","C/C*"
2233,"ORF1ab",656,2,0,0,0,2,0,0,0,"T/c","A/A"
2232,"ORF1ab",656,2,2,0,0,2,0,0,0,"C/t","A/V"
2229,"ORF1ab",655,2,2,0,0,1,1,0,0,"G/t","C/F"
2214,"ORF1ab",650,2,2,0,1,0,1,0,0,"A/g","K/R"
2190,"ORF1ab",642,2,2,0,1,1,0,0,0,"T/gc","L/RP"
2158,"ORF1ab",631,2,0,0,0,2,0,0,0,"T/c","L/L"
2157,"ORF1ab",631,2,2,0,1,1,0,0,0,"T/c","L/P"
2130,"ORF1ab",622,2,2,0,1,0,0,1,0,"A/g","E/G"
2110,"ORF1ab",615,2,0,0,0,1,1,0,0,"C/t","N/N"
2106,"ORF1ab",614,2,2,0,1,0,1,0,0,"C/t","T/I"
2076,"ORF1ab",604,2,2,0,0,0,1,0,1,"G/t","G/V"
2033,"ORF1ab",590,2,0,0,1,0,0,1,0,"T/c","L/L"
1996,"ORF1ab",577,2,0,0,0,0,0,2,0,"A/g","S/S"
1993,"ORF1ab",576,2,0,0,1,1,0,0,0,"T/c","Y/Y"
1981,"ORF1ab",572,2,0,0,2,0,0,0,0,"A/gc","G/G"
1979,"ORF1ab",572,2,2,0,0,2,0,0,0,"G/a","G/R"
1944,"ORF1ab",560,2,2,0,1,1,0,0,0,"G/a","R/H"
1930,"ORF1ab",555,2,0,0,1,1,0,0,0,"T/c","A/A"
1926,"ORF1ab",554,2,2,0,0,2,0,0,0,"C/t","T/I"
1911,"ORF1ab",549,2,2,1,0,1,1,0,0,"TC/ca","SF/YS"
1910,"ORF1ab",549,2,2,0,1,1,0,0,0,"T/c","S/P"
1909,"ORF1ab",548,2,0,0,0,0,2,0,0,"C/t","F/F"
1898,"ORF1ab",545,2,1,1,1,0,1,0,0,"TC/ca","R*/R"
1893,"ORF1ab",543,2,2,0,0,2,0,0,0,"T/c","V/A"
1884,"ORF1ab",540,2,2,0,1,1,0,0,0,"C/t","A/V"
1873,"ORF1ab",536,2,0,0,0,2,0,0,0,"T/c","F/F"
1820,"ORF1ab",519,2,2,0,0,0,2,0,0,"G/a","G/S"
1805,"ORF1ab",514,2,2,0,0,2,0,0,0,"G/a","G/R"
1804,"ORF1ab",513,2,0,0,0,2,0,0,0,"A/g","K/K"
1736,"ORF1ab",491,2,2,0,1,1,0,0,0,"G/ca","V/ML"
1719,"ORF1ab",485,2,2,0,0,0,2,0,0,"G/ta","S/NI"
1683,"ORF1ab",473,2,2,0,0,0,0,2,0,"T/c","I/T"
1662,"ORF1ab",466,2,2,0,2,0,0,0,0,"A/t","D/V"
1627,"ORF1ab",454,2,0,0,0,2,0,0,0,"C/t","L/L"
1614,"ORF1ab",450,2,2,0,0,2,0,0,0,"T/gc","L/RP"
1606,"ORF1ab",447,2,0,2,0,0,2,0,0,"C/t","N/N"
1605,"ORF1ab",447,2,2,0,0,0,0,0,2,"A/t","N/I"
1585,"ORF1ab",440,2,0,0,2,0,0,0,0,"A/tg","G/G"
1584,"ORF1ab",440,2,2,0,2,0,0,0,0,"G/a","G/E"
1583,"ORF1ab",440,2,2,0,1,1,0,0,0,"G/a","G/R"
1582,"ORF1ab",439,2,0,0,1,1,0,0,0,"T/c","V/V"
1521,"ORF1ab",419,2,2,0,0,0,1,1,0,"A/gc","K/TR"
1494,"ORF1ab",410,2,2,0,1,0,0,1,0,"T/c","V/A"
1459,"ORF1ab",398,2,0,0,1,1,0,0,0,"T/c","R/R"
1458,"ORF1ab",398,2,2,0,0,1,1,0,0,"G/a","R/H"
1427,"ORF1ab",388,2,2,0,0,1,1,0,0,"C/t","H/Y"
1424,"ORF1ab",387,2,2,1,2,0,0,0,0,"TC/tc","YH/YH"
1404,"ORF1ab",380,2,2,1,1,0,1,0,0,"CA/tc","PH/PL"
1400,"ORF1ab",379,2,2,0,0,2,0,0,0,"G/a","G/R"
1395,"ORF1ab",377,2,2,0,0,2,0,0,0,"A/g","E/G"
1326,"ORF1ab",354,2,2,0,1,1,0,0,0,"C/ta","A/VD"
1267,"ORF1ab",334,2,0,0,0,2,0,0,0,"C/t","G/G"
1238,"ORF1ab",325,2,2,0,0,0,2,0,0,"C/t","H/Y"
1230,"ORF1ab",322,2,2,0,1,1,0,0,0,"A/tg","K/RM"
1113,"ORF1ab",283,2,2,0,0,2,0,0,0,"C/t","T/I"
1057,"ORF1ab",264,2,0,0,1,1,0,0,0,"C/t","D/D"
1001,"ORF1ab",246,2,2,0,1,1,0,0,0,"G/a","E/K"
905,"ORF1ab",214,2,2,0,0,1,1,0,0,"A/tg","T/SA"
897,"ORF1ab",211,2,2,0,1,0,0,1,0,"C/t","A/V"
869,"ORF1ab",202,2,2,0,0,1,1,0,0,"A/tg","K/E*"
867,"ORF1ab",201,2,2,0,1,1,0,0,0,"T/ca","I/TN"
865,"ORF1ab",200,2,1,0,0,2,0,0,0,"C/ta","C/C*"
845,"ORF1ab",194,2,2,0,1,0,1,0,0,"G/t","D/Y"
835,"ORF1ab",190,2,1,0,1,0,1,0,0,"C/ta","F/LF"
818,"ORF1ab",185,2,2,0,0,0,2,0,0,"T/c","Y/H"
786,"ORF1ab",174,2,2,0,1,1,0,0,0,"T/ca","M/TK"
770,"ORF1ab",169,2,2,0,0,1,1,0,0,"G/a","V/I"
748,"ORF1ab",161,2,2,0,0,2,0,0,0,"G/ta","W/C*"
746,"ORF1ab",161,2,2,0,0,2,0,0,0,"T/c","W/R"
742,"ORF1ab",159,2,0,0,1,1,0,0,0,"A/g","E/E"
737,"ORF1ab",158,2,2,0,1,1,0,0,0,"C/ta","Q/K*"
736,"ORF1ab",157,2,0,0,1,1,0,0,0,"T/c","F/F"
734,"ORF1ab",157,2,2,0,0,2,0,0,0,"T/ca","F/LI"
713,"ORF1ab",150,2,2,0,1,1,0,0,0,"G/ta","G/SC"
673,"ORF1ab",136,2,0,0,0,1,1,0,0,"C/t","Y/Y"
651,"ORF1ab",129,2,2,0,1,1,0,0,0,"A/tg","K/RI"
650,"ORF1ab",129,2,2,0,0,2,0,0,0,"A/tg","K/E*"
634,"ORF1ab",123,2,0,0,1,1,0,0,0,"T/a","L/L"
614,"ORF1ab",117,2,2,0,0,2,0,0,0,"G/c","A/P"
593,"ORF1ab",110,2,2,0,0,0,2,0,0,"C/t","H/Y"
574,"ORF1ab",103,2,0,0,1,0,0,1,0,"A/gc","T/T"
566,"ORF1ab",101,2,2,0,1,1,0,0,0,"G/a","G/S"
562,"ORF1ab",99,2,0,0,2,0,0,0,0,"T/c","R/R"
549,"ORF1ab",95,2,2,0,0,2,0,0,0,"T/gc","I/TS"
527,"ORF1ab",88,2,0,0,0,1,1,0,0,"C/t","L/L"
524,"ORF1ab",87,2,2,0,1,1,0,0,0,"G/ta","E/K*"
511,"ORF1ab",82,2,0,0,1,1,0,0,0,"T/c","G/G"
510,"ORF1ab",82,2,2,0,2,0,0,0,0,"G/a","G/D"
487,"ORF1ab",74,2,0,0,0,2,0,0,0,"G/t","S/S"
456,"ORF1ab",64,2,2,0,0,1,0,1,0,"T/gc","L/RP"
454,"ORF1ab",63,2,1,0,1,0,0,1,0,"A/tg","Q/QH"
422,"ORF1ab",53,2,0,0,1,1,0,0,0,"T/c","L/L"
378,"ORF1ab",38,2,2,0,0,0,0,2,0,"T/c","V/A"
355,"ORF1ab",30,2,0,0,0,0,2,0,0,"C/t","G/G"
347,"ORF1ab",28,2,2,0,0,0,2,0,0,"G/a","V/I"
344,"ORF1ab",27,2,2,0,1,1,0,0,0,"C/t","L/F"
333,"ORF1ab",23,2,2,0,1,1,0,0,0,"T/c","V/A"
300,"ORF1ab",12,2,2,0,0,0,1,1,0,"C/t","T/I"
294,"ORF1ab",10,2,2,0,1,1,0,0,0,"A/g","E/G"
280,"ORF1ab",5,2,0,0,0,1,1,0,0,"C/t","V/V"
201,"5'UTR",67,2,0,0,0,1,1,0,0,"T/c","NA/NA"
174,"5'UTR",58,2,0,0,1,1,0,0,0,"G/ca","NA/NA"
106,"5'UTR",36,2,0,0,0,0,2,0,0,"C/t","NA/NA"
82,"5'UTR",28,2,0,1,1,1,0,0,0,"GA/ga","NA/NA"
72,"5'UTR",24,2,0,0,0,2,0,0,0,"G/ta","NA/NA"
62,"5'UTR",21,2,0,0,0,2,0,0,0,"T/c","NA/NA"
55,"5'UTR",19,2,0,0,0,2,0,0,0,"A/tg","NA/NA"
36,"5'UTR",12,2,0,0,1,1,0,0,0,"C/t","NA/NA"
